备案号,药品通用名称,药品批准文号/原料药登记号,上市许可持有人,上市许可持有人地址,生产企业名称,生产企业地址,备案内容,备案机关,备案日期,备注,注
京备2024002036,鞣酸蛋白片,国药准字H11020411,北京市燕京药业有限公司,北京市大兴区中关村科技园区大兴生物医药产业基地永大路38号6幢4层410室,北京市永康药业有限公司,北京市房山区城关街道顾八路三区2号,将注册批件中上市许可持有人地址由“北京市朝阳区管庄”，变更为“北京市大兴区中关村科技园区大兴生物医药产业基地永大路38号6幢4层410室”。,北京市药品监督管理局,2024-01-19,已备案,详情
滇备2024002210,参苓健脾胃颗粒,国药准字Z20083412,昆明中药厂有限公司,昆明市螺蛳湾276号,昆明中药厂有限公司,昆明市高新区马金铺街道办事处照塘街82号,修订此品种（5克×32袋/盒、5克×8袋/盒、5克×12袋/盒）的说明书。在说明书上【注意事项】增加“运动员慎用”。,云南省药品监督管理局,2024-01-19,已备案,详情
豫备2024000886,盐酸消旋山莨菪碱注射液,国药准字H32025865,河南普瑞制药有限公司,河南省西华县城叶庄桥,河南普瑞药业有限公司,河南省周口市西华县干校路86号,变更包装材料和容器（低硼硅玻璃安瓿）的供应商，由“扬州大晟药用玻璃有限公司”变更为“山西宏光医用玻璃股份有限公司”。,河南省药品监督管理局,2024-01-19,已备案,详情
Y豫备2024001090,盐酸阿糖胞苷,Y20170000738,无,无,新乡制药股份有限公司,新乡市延津县产业集聚区北区建文路16号,原料药盐酸阿糖胞苷(抗肿瘤药）的生产地址由“新乡市高新区静泉西路398号”变更至“新乡市延津县产业集聚区北区建文路16号”。环合分离岗位PSB1000NF型304不锈钢离心机变更为LB1000型衬塑离心机，新增Ф1000聚丙烯抽滤缸；环合干燥岗位SZG-1000型304不锈钢双锥回转真空干燥机变更为SZG-1000型搪瓷双锥回转真空干燥机；氨解反应岗位2000L搪瓷反应变更为3000L搪瓷反应釜；氨解浓缩岗位1000L升膜蒸发器变更为一次浓缩用500L/h单效蒸发器，二次浓缩用2000L搪瓷浓缩、结晶釜；氨解分离岗位PSB1000NF型304不锈钢离心机变更为LB1000型衬塑离心机；粗品干燥岗位SZG-1000型304不锈钢双锥回转真空干燥机变更为CT-C-Ⅱ型304不锈钢热风循环烘箱；精制脱色岗位2000L搪瓷脱色釜变更为1000L搪瓷脱色釜；精制结晶岗位2000L搪瓷结晶釜变更为1000L搪瓷结晶釜；精制分离岗位LS-1000N型304不锈钢离心机变更为PB1000型304不锈钢离心机；精制干燥岗位SZG-1000型304不锈钢双锥回转真空干燥机变更为600L 316L不锈钢双锥回转真空干燥机；SKZS1911DW组合式空调机组变更为JK-02组合式空调机组；胞苷生产厂家由原来的新乡拓新药业股份有限公司变换为河南鼎新医药科技有限公司；盐酸乙醇生产厂家由原来的新乡拓新药业股份有限公司变换为焦作煤业（集团）开元化工有限责任公司；乙醇生产厂家新增徐州香醅酒业有限公司；盐酸阿糖胞苷成品标签内容变更（生产地址变更）。,河南省药品监督管理局,2024-01-19,已备案,详情
桂备2024002092,清火片,国药准字Z45020538,广西正堂药业有限责任公司,广西柳州市鹿寨县城建中西路86号,广西正堂药业有限责任公司,广西柳州市鹿寨县城建中西路86号,"1、变更药品包装标签样式。
2、变更药品说明书。
3、其他文字内容保持不变。",广西壮族自治区药品监督管理局,2024-01-19,已备案,详情
桂备2024002316,地芍消渴颗粒,国药准字B20020978,广西维威制药有限公司,南宁市防城港路10号,广西维威制药有限公司,南宁市防城港路10号,变更地芍消渴颗粒的药品生产企业名称和药品生产地址，药品生产企业由“广西梧州三箭制药有限公司”变更为“广西维威制药有限公司”，生产地址由“梧州市西江四路扶典上冲32号”变更为“南宁市防城港路10号”。,广西壮族自治区药品监督管理局,2024-01-19,已备案,详情
苏备2024001910,炉甘石洗剂,国药准字H32025258,常熟市星海制药有限公司,常熟市碧溪新区（浒浦）留下工业园,常熟市星海制药有限公司,常熟市碧溪新区（浒浦）留下工业园,炉甘石洗剂的包装规格在“塑料瓶：100ml/瓶”的基础上，增加“塑料瓶：50ml/瓶”和“塑料瓶：120ml/瓶”的包装规格。,江苏省药品监督管理局,2024-01-19,已备案,详情
苏备2024002437,艾曲泊帕乙醇胺片,国药准字H20243005,江苏奥赛康药业有限公司,南京江宁科学园科建路699号,江苏奥赛康药业有限公司,南京江宁科学园科建路699号,"本品于2024年01月09日获得《药品注册证书》（证书编号：2024S00017）及其附件（含药品说明书）,根据已批准的药品说明书修改包装标签；同时根据国家局《关于“通过一致性评价”标识使用有关事宜的说明》，在说明书标签中增加“仿制药一致性评价”标识。",江苏省药品监督管理局,2024-01-19,已备案,详情
京备2024002140,醋酸甲羟孕酮片,国药准字H11020895,北京益民药业有限公司,北京市顺义区拥军路北,北京益民药业有限公司,北京市顺义区光明南街14号（北京市顺义区拥军路北）,本品种内包装生产工艺由变更前人工数粒、装瓶、铝箔封口变更为机械化内包装生产线（自动理瓶机、电子数粒机、自动旋盖机、自动贴标机），内包装线设备生产商由石家庄汉光天合包装制药机械有限公司（铝箔封口机）变更为浙江中鲨工业科技有限公司（内包装生产线）。,北京市药品监督管理局,2024-01-19,已备案,详情
黑备2024002482,清开灵泡腾片,国药准字Z20033009,上海皇象铁力蓝天制药有限公司,铁力市铁力镇哈伊公路东、消防队东南（一期）,上海皇象铁力蓝天制药有限公司,黑龙江省铁力市五一街东侧,因药品生产许可证变更，更新药品注册批准文件载明的生产企业名称或地址。生产企业名称由黑龙江喜人药业集团有限公司变更为上海皇象铁力蓝天制药有限公司,黑龙江省药品监督管理局,2024-01-19,已备案,详情
京备2024002257,注射用头孢哌酮钠舒巴坦钠/氯化钠注射液,国药准字H20233939,北京锐业制药有限公司,北京市北京经济技术开发区隆庆街12号,北京锐业制药有限公司,北京市北京经济技术开发区隆庆街12号,药品说明书、包装标签增加仿制药一致性评价标识。,北京市药品监督管理局,2024-01-19,已备案,详情
川备2024002453,间苯三酚注射液,国药准字H20243024,四川海梦智森生物制药有限公司,成都高新区益新大道451号9层903号,太极集团四川太极制药有限公司,四川省成都省双流区西南航空港经济开发区腾飞二路319号,申请本品按照国家相关文件精神在说明书和标签上添加“通过一致性评价”标识，承诺说明书和标签其他项目及内容未擅自修改，并符合国家食品药品监督管理局令第24号及有关文件的要求。,四川省药品监督管理局,2024-01-19,已备案,详情
皖备2024002217,乳酸钠林格注射液,国药准字H34023287,上海华源安徽锦辉制药有限公司,安徽省阜阳市颍州区莲花路160号,上海华源安徽锦辉制药有限公司,安徽省阜阳市颍州区莲花路160号,在保留原“河北华晨药业集团有限公司”生产的原料药“氯化钙”的基础上，新增加“西安万隆制药股份有限公司”生产的“氯化钙”原料。,安徽省药品监督管理局,2024-01-19,已备案,详情
黑备2024002481,磷酸苯丙哌林胶囊,国药准字H23021627,上海皇象铁力蓝天制药有限公司,铁力市铁力镇哈伊公路东、消防队东南（一期）,上海皇象铁力蓝天制药有限公司,黑龙江省铁力市五一街东侧,因药品生产许可证变更，更新药品注册批准文件载明的生产企业名称或地址。生产企业名称由黑龙江喜人药业集团有限公司变更为上海皇象铁力蓝天制药有限公司,黑龙江省药品监督管理局,2024-01-19,已备案,详情
京备2024002226,碘帕醇注射液,国药准字H20184113,北京北陆药业股份有限公司,北京市密云区水源西路3号,北京北陆药业股份有限公司,北京市密云区水源西路3号,增加浙江司太立制药股份有限公司作为我公司碘帕醇注射液（规格：100ml:37g(I)，批准文号：国药准字：H20184113 ）原料药供应商（登记号Y20190009889；登记状态为A），其他均无变更。,北京市药品监督管理局,2024-01-19,已备案,详情
渝备2024002523,盐酸帕洛诺司琼注射液,国药准字H20150048,重庆华邦制药有限公司,重庆市渝北区人和星光大道69号,重庆华邦制药有限公司,重庆市北碚区京东方大道255号,因药品生产许可证变更，更新药品注册批准文件载明的生产企业名称或地址。生产企业地址由重庆市渝北区人和星光大道69号变更为重庆市北碚区京东方大道255号,重庆市药品监督管理局,2024-01-19,已备案。该药品同时发生（药品生产工艺、处方、质量标准等）变更，获得批准或备案完成后方可生产上市。,详情
沪备2024002573,盐酸利多卡因注射液,国药准字H31021072,上海朝晖药业有限公司,上海市宝山区抚远路2151号,"上海朝晖药业有限公司,山西诺成制药有限公司","上海市宝山区抚远路2151号,怀仁市高新技术工业园区","因药品生产许可证变更，更新药品注册批准文件载明的生产企业名称或地址。生产企业名称由上海朝晖药业有限公司变更为上海朝晖药业有限公司,山西诺成制药有限公司;生产企业地址由上海市宝山区抚远路2151号变更为上海市宝山区抚远路2151号,怀仁市高新技术工业园区",上海市药品监督管理局,2024-01-19,已备案。该药品同时发生（药品生产工艺、处方、质量标准等）变更，获得批准或备案完成后方可生产上市。,详情
苏备2024001921,天麻蜜环菌片,国药准字Z32020978,江苏神华药业有限公司,江苏省金湖县神华大道188号,江苏神华药业有限公司,江苏省金湖县神华大道188号,变更国内生产药品包装规格。本品原有“塑料瓶装，100片/瓶”、“铝塑包装。每板12片，每盒2板”、“铝塑包装。每板12片，每盒3板”和“铝塑包装。每板12片，每盒4板”的基础上增加“塑料瓶装，120片/瓶”包装规格。,江苏省药品监督管理局,2024-01-19,已备案,详情
晋备2024001155,狂犬病人免疫球蛋白,国药准字S20083124,山西康宝生物制品股份有限公司,山西省长治市潞州区北环西街151号,山西康宝生物制品股份有限公司,山西省长治市潞州区北环西街151号,申请说明书及包装标签备案：根据《国家药监局关于修订狂犬病人免疫球蛋白说明书的公告》（2023年第133号）对药品说明书【不良反应】、【注意事项】进行修订。根据《药品说明书和标签管理规定》（局令24号）要求，申请修订说明书及包装标签。,山西省药品监督管理局,2024-01-19,已备案,详情
浙备2024000528,盐酸托莫西汀口服溶液,国药准字H20234133,浙江佰奥医药科技有限公司,浙江省金华市东阳市江北街道猴塘社区艺海北路388号C幢东801室,浙江北生药业汉生制药有限公司,浙江省东阳市江北高科技工业园区,根据国家药品监督管理局批准的药品注册证书（编号2023S01397）及附件，在包装标签和说明书上增加“通过一致性评价”的标识，并按批准的说明书对包装标签内容进行修订。,浙江省药品监督管理局,2024-01-19,已备案,详情
黑备2024002480,人工牛黄甲硝唑胶囊,国药准字H23022811,上海皇象铁力蓝天制药有限公司,铁力市铁力镇哈伊公路东、消防队东南（一期）,上海皇象铁力蓝天制药有限公司,黑龙江省铁力市五一街东侧,因药品生产许可证变更，更新药品注册批准文件载明的生产企业名称或地址。生产企业名称由黑龙江喜人药业集团有限公司变更为上海皇象铁力蓝天制药有限公司,黑龙江省药品监督管理局,2024-01-19,已备案,详情
晋备2024001152,狂犬病人免疫球蛋白,国药准字S20083123,山西康宝生物制品股份有限公司,山西省长治市潞州区北环西街151号,山西康宝生物制品股份有限公司,山西省长治市潞州区北环西街151号,申请说明书及包装标签备案：根据《国家药监局关于修订狂犬病人免疫球蛋白说明书的公告》（2023年第133号）对药品说明书【不良反应】、【注意事项】进行修订。根据《药品说明书和标签管理规定》（局令24号）要求，申请修订说明书及包装标签。,山西省药品监督管理局,2024-01-19,已备案,详情
渝备2024001713,静注人免疫球蛋白(pH4),国药准字S20174003,华兰生物工程重庆有限公司,重庆市涪陵区鹤凤大道66号,华兰生物工程重庆有限公司,重庆市涪陵区鹤凤大道66号,变更主要生产设备：2台融浆罐、1台冷沉淀分离机和10台分离反应罐。,重庆市药品监督管理局,2024-01-19,已备案,详情
桂备2024002342,肌苷口服溶液,国药准字H19993785,广西白云山盈康药业有限公司,广西南宁市昆仑大道8-1号,广西白云山盈康药业有限公司,广西南宁市昆仑大道8-1号,"修改药品说明书，修改药品包装标签。
【执行标准】项原“《中国药典》2020年版二部”变更为“《中国药典》2020年版第一增补本”（说明书印纸盒背面）",广西壮族自治区药品监督管理局,2024-01-19,已备案,详情
渝备2024001716,静注人免疫球蛋白(pH4),国药准字S20174004,华兰生物工程重庆有限公司,重庆市涪陵区鹤凤大道66号,华兰生物工程重庆有限公司,重庆市涪陵区鹤凤大道66号,变更主要生产设备：2台融浆罐、1台冷沉淀分离机和10台分离反应罐。,重庆市药品监督管理局,2024-01-19,已备案,详情
辽备2024003009,强肾颗粒,国药准字Z10960088,沈阳君元药业有限公司,沈阳市浑南区麦子屯603号沈阳浑南生物医药产业园9号楼,沈阳君元药业有限公司,沈阳市浑南区麦子屯603号9号楼，22号楼,因药品生产许可证变更，更新药品注册批准文件载明的生产企业名称或地址。生产企业地址由沈阳市东陵区凌云街103巷6号变更为沈阳市浑南区麦子屯603号9号楼，22号楼,辽宁省药品监督管理局,2024-01-19,已备案,详情
京备2024002257,注射用头孢哌酮钠舒巴坦钠/氯化钠注射液,国药准字H20233939,北京锐业制药有限公司,北京市北京经济技术开发区隆庆街12号,北京锐业制药有限公司,北京市北京经济技术开发区隆庆街12号,药品说明书、包装标签增加仿制药一致性评价标识。,北京市药品监督管理局,2024-01-19,已备案,详情
川备2024002453,间苯三酚注射液,国药准字H20243024,四川海梦智森生物制药有限公司,成都高新区益新大道451号9层903号,太极集团四川太极制药有限公司,四川省成都省双流区西南航空港经济开发区腾飞二路319号,申请本品按照国家相关文件精神在说明书和标签上添加“通过一致性评价”标识，承诺说明书和标签其他项目及内容未擅自修改，并符合国家食品药品监督管理局令第24号及有关文件的要求。,四川省药品监督管理局,2024-01-19,已备案,详情
浙备2024000528,盐酸托莫西汀口服溶液,国药准字H20234133,浙江佰奥医药科技有限公司,浙江省金华市东阳市江北街道猴塘社区艺海北路388号C幢东801室,浙江北生药业汉生制药有限公司,浙江省东阳市江北高科技工业园区,根据国家药品监督管理局批准的药品注册证书（编号2023S01397）及附件，在包装标签和说明书上增加“通过一致性评价”的标识，并按批准的说明书对包装标签内容进行修订。,浙江省药品监督管理局,2024-01-19,已备案,详情
豫备2024001398,他达拉非片,国药准字H20223684,许昌高新制药有限公司,河南省许昌市魏都区劳动南路2111号,许昌高新制药有限公司,河南省许昌市魏都区劳动南路2111号,他达拉非片（国药准字H20223684）的他达拉非（登记号为Y20200000256 ， 状态A）原料原为我公司自产，现增加一个他达拉非原料供应商“湖南九典宏阳制药有限公司”，其他达拉非原料登记号为：Y20210000017，状态A。,河南省药品监督管理局,2024-01-19,已备案,详情
冀备2024002420,氯化钾注射液,国药准字H20247013,石家庄四药有限公司,石家庄高新技术产业开发区槐安东路518号,石家庄四药有限公司,石家庄高新技术产业开发区槐安东路518号,申请本品按照国家相关文件精神在说明书和标签上添加“通过一致性评价”标识，承诺说明书和包装标签其他项目及内容未擅自修改，并符合国家食品药品监督管理局令第24号及有关文件的要求。,河北省药品监督管理局,2024-01-19,已备案,详情
琼备2024002602,阿莫西林颗粒,国药准字H46020613,海南通用三洋药业有限公司,海口市秀英区海力路8号,海南通用三洋药业有限公司,海南省海口市秀英区海力路8号,根据《总局关于仿制药质量和疗效一致性评价工作有关事项的公告》（2017年第100号）要求，在阿莫西林颗粒药品说明书和标签上增加“通过一致性评价”标识。,海南省药品监督管理局,2024-01-19,已备案,详情
津备2024002477,氟尿嘧啶注射液,国药准字H12020959,天津金耀药业有限公司,天津开发区黄海路221号,天津金耀药业有限公司,天津开发区黄海路221号,按照《国家药品监督管理局药品补充申请批准通知书》，天津金耀药业有限公司申请修订氟尿嘧啶注射液（10ml：0.25g）说明书和包装标签，增加“通过一致性评价”标识及商标。,天津市药品监督管理局,2024-01-19,已备案,详情
渝备2024001276,盐酸二甲双胍缓释片,国药准字H20050349,重庆科瑞南海制药有限责任公司,重庆市黔江区正阳工业园区桥南路35号,重庆科瑞南海制药有限责任公司,重庆市黔江区正阳工业园区桥南路35号,增加宁夏恒康科技有限公司盐酸二甲双胍原料为我司盐酸二甲双胍缓释片原料供应商。,重庆市药品监督管理局,2024-01-19,已备案,详情
吉备2024002330,替硝唑氯化钠注射液等2个药品批准文号,国药准字H20054040,辽源市泓源制药有限公司,辽源市龙山区福民大街318号（巨峰生化东侧）,辽源市泓源制药有限公司,吉林省辽源市福民大街318号,根据《药品注册管理办法》（局令第27号）、《药品说明书和标签管理规定》（国家食品药品监督管理局令24号）及国家药监局 国家卫生健康委关于发布实施《中华人民共和国药典》（2020年版）第一增补本的公告（2023年第126号）规定变更替硝唑氯化钠注射液等2个品种批准文号药品说明书及标签，药品生产企业依据备案结论自行修改药品说明书和包装标签的有关内容，处方药说明书统一增加修改日期为2024年3月12日，非处方药直接将说明书修订日期改为2024年3月12日，此次备案结论与原备案配套使用（变更品种目录见吉林省药品监督管理局网站），企业负责说明书内容的真实性与合法性。,吉林省药品监督管理局,2024-01-19,已备案,详情
苏备2024001912,联苯苄唑溶液,国药准字H20066175,江苏知原药业股份有限公司,无锡市锡山区锡北镇工业园区泾新路35号,江苏知原药业股份有限公司,无锡市锡山区锡北镇工业园区泾新路35号,根据《已上市化学药品药学变更研究技术指导原则（试行）》，本品在“塑料喷雾瓶：25ml/瓶。50ml/瓶。60ml/瓶。80ml/瓶。100ml/瓶。120ml/瓶”包装规格的基础上增加“塑料喷雾瓶：30ml/瓶。40ml/瓶。70ml/瓶。110ml/瓶”的包装规格。,江苏省药品监督管理局,2024-01-19,2024年04月09日，撤销备案,详情
京备2024002224,利巴韦林注射液,国药准字H19993335,北京市永康药业有限公司,北京市房山区城关街道顾八路三区2号,北京市永康药业有限公司,北京市房山区城关街道顾八路三区2号,利巴韦林注射液（批准文号：国药准字H19993335，规格：1ml：100mg）在北京市房山区城关街道顾八路三区2号注射剂二车间注射剂2号生产线生产批量由每批15万支扩大至每批30万支。,北京市药品监督管理局,2024-01-19,已备案,详情
京备2024001004,注射用重组人凝血因子Ⅷ,国药准字S20210032,神州细胞工程有限公司,北京市北京经济技术开发区科创七街31号院5号楼301室,神州细胞工程有限公司,北京市大兴区北京经济技术开发区科创七街31号院,"本品外包装组件灭菌注射用水有效期延长，同步修订药品注册批准证明文件及其附件中载明的相关内容：
[说明书【贮藏和有效期】、质量标准【保存、运输及有效期】、制检规程-4保存、运输及有效期 ] 三个文件均由“灭菌注射用水（国药准字H20044102）有效期12个月，灭菌注射用水（国药准字H20153112）有效期24个月。”修订为“灭菌注射用水（国药准字H20044102）有效期18个月，灭菌注射用水（国药准字H20153112）有效期36个月”; 就[制检规程的 附录6 灭菌注射用水质量标准] 中国大冢制药有限公司的灭菌注射用水有效期由“12个月”修订为“18个月”、石家庄四药有限公司的灭菌注射用水有效期由“24个月”修订为“36个月”。同时，药品注册证书【药品有效期】由“注射用重组人凝血因子自制剂配制之日起有效期24个月，灭菌注射用水有效期12个月或24个月”修订为“注射用重组人凝血因子自制剂配制之日起有效期24个月，灭菌注射用水有效期18个月或36个月”。",北京市药品监督管理局,2024-01-19,已备案,详情
晋备2024002229,氨酚曲马多胶囊,国药准字H20140003,山西好医生药业有限公司,大同市阳高龙泉工业园区,山西好医生药业有限公司,山西省大同市阳高龙泉工业园区,申请说明书及包装标签备案：根据国家体育总局、中华人民共和国商务部、中华人民共和国国家卫生健康委员会、中华人民共和国海关总署、国家药品监督管理局公告 第72号，2024年兴奋剂目录公告，曲马多被被列为刺激剂（含精神药品）品种，现依据《药品注册管理办法》的规定对氨酚曲马多胶囊的药品说明书申请增加运动员慎用警示语，说明书及标签其他内容不变更。,山西省药品监督管理局,2024-01-19,已备案,详情
粤备2024002614,葡萄糖酸亚铁片,国药准字H44023134,广州迈特兴华制药厂有限公司,广州市白云区钟落潭镇沙田,广州迈特兴华制药厂有限公司,广州市白云区钟落潭沙田,本品增加包装规格：药用塑料瓶每瓶18片；药用塑料瓶每瓶48片。,广东省药品监督管理局,2024-01-19,已备案,详情
豫备2024001625,复方蒲芩胶囊,国药准字Z20123092,遂成药业股份有限公司,新郑市庆安路219号,遂成药业股份有限公司,河南省新郑市庆安路,延长复方蒲芩胶囊有效期至36个月，同时将标签及说明书的有效期由24个月变更为36个月。,河南省药品监督管理局,2024-01-19,已备案,详情
京备2024002038,阿替洛尔片,国药准字H11020399,北京市燕京药业有限公司,北京市大兴区中关村科技园区大兴生物医药产业基地永大路38号6幢4层410室,北京市永康药业有限公司,北京市房山区城关街道顾八路三区2号,将注册批件中上市许可持有人地址由“北京市朝阳区管庄”，变更为“北京市大兴区中关村科技园区大兴生物医药产业基地永大路38号6幢4层410室”。,北京市药品监督管理局,2024-01-19,已备案,详情
晋备2024001151,狂犬病人免疫球蛋白,国药准字S20083113,山西康宝生物制品股份有限公司,山西省长治市潞州区北环西街151号,山西康宝生物制品股份有限公司,山西省长治市潞州区北环西街151号,申请说明书及包装标签备案：根据《国家药监局关于修订狂犬病人免疫球蛋白说明书的公告》（2023年第133号）对药品说明书【不良反应】、【注意事项】进行修订。根据《药品说明书和标签管理规定》（局令24号）要求，申请修订说明书及包装标签。,山西省药品监督管理局,2024-01-19,已备案,详情
Y浙备2024001438,依帕司他,Y20170001298,无,无,浙江东亚药业股份有限公司,三门县浦坝港镇沿海工业城,本品有效期由“24个月”变更为“36个月”。,浙江省药品监督管理局,2024-01-19,已备案,详情
豫备2024000885,盐酸消旋山莨菪碱注射液,国药准字H32025865,河南普瑞制药有限公司,河南省西华县城叶庄桥,河南普瑞药业有限公司,河南省周口市西华县干校路86号,变更包装材料和容器（低硼硅玻璃安瓿）的供应商，由“扬州大晟药用玻璃有限公司”变更为“山西宏光医用玻璃股份有限公司”。,河南省药品监督管理局,2024-01-19,已备案,详情
吉备2024002368,石斛夜光丸等6个药品批准文号,国药准字Z20083497,吉林省密之康药业有限责任公司,长春市长吉公路北线38公里处,吉林省密之康药业有限责任公司,长春市长吉公路北线38公里处,根据《药品注册管理办法》（局令第27号）、《药品说明书和标签管理规定》（国家食品药品监督管理局令24号）及国家药监局 国家卫生健康委关于发布实施《中华人民共和国药典》（2020年版）第一增补本的公告（2023年第126号）规定变更石斛夜光丸等6个品种批准文号药品说明书及标签，药品生产企业依据备案结论自行修改药品说明书和包装标签的有关内容，处方药说明书统一增加修改日期为2024年3月12日，非处方药直接将说明书修订日期改为2024年3月12日，此次备案结论与原备案配套使用（变更品种目录见吉林省药品监督管理局网站），企业负责说明书内容的真实性与合法性。,吉林省药品监督管理局,2024-01-19,已备案,详情
桂备2024002125,小柴胡颗粒,国药准字Z19993196,广西吉民堂药业有限公司,广西北海市工业园区合浦民营工业园内,广西吉民堂药业有限公司,北海市工业园区合浦民营工业园内,"（一）标签
一、盒子
1、增加包装规格：10克/袋×9袋/盒
2、【包装】变更为“药用复合膜装，10克/袋×9袋/盒。”
3、商标变更为“双龙出海”。
二、机膜
１、商标变更为“双龙出海”。
（二）说明书
1、【包装】变更为“药用复合膜装，10克/袋×9袋/盒。”
2、商标变更为“双龙出海”。",广西壮族自治区药品监督管理局,2024-01-19,已备案,详情
桂备2024001629,龟鹿补肾胶囊,国药准字Z20123109,广西华天宝药业有限公司,广西天等县天等镇和平路147号,广西华天宝制药有限公司,广西壮族自治区天等县返乡创业园创业大道12号,有效期由“18个月”申请变更为“24个月”。,广西壮族自治区药品监督管理局,2024-01-19,已备案,详情
滇备2024002207,参苓健脾胃颗粒,国药准字Z53020789,昆明中药厂有限公司,螺蛳湾276号,昆明中药厂有限公司,昆明市高新区马金铺街道办事处照塘街82号,修订此品种（10克×10袋/中袋、10克×10袋/盒、10克×8袋/盒、10克×6袋/盒）的说明书。在说明书上【注意事项】增加“运动员慎用”。,云南省药品监督管理局,2024-01-19,已备案,详情
苏备2024001839,注射用生长抑素,国药准字H20066708,江苏海岸药业有限公司,吴江区黎里镇芦墟国道路2688号,江苏海岸药业有限公司,江苏省苏州市吴江区黎里镇芦墟国道路2688号,根据《已上市化学药品药学变更研究技术指导原则（试行）》，本品配制液的检测频次由“每批检测”变更为“每个月至少检测1次，配制过程中出现异常情况，当批需检测”。,江苏省药品监督管理局,2024-01-19,已备案,详情
赣备2024001617,盐酸溴己新葡萄糖注射液,国药准字H20041046,江西亿友药业有限公司,江西省抚州市东乡区东升工业园温州路2号,江西科伦药业有限公司,江西省抚州市东乡区东红大道516号,根据《药品注册管理办法》、《药品上市后变更管理办法（试行）》的要求，我公司盐酸溴己新葡萄糖注射液变更事项6.10其他，盐酸溴己新葡萄糖注射液其所用原料盐酸溴己新变更了生产工艺。,江西省药品监督管理局,2024-01-19,已备案,详情
渝备2024001717,静注人免疫球蛋白(pH4),国药准字S20174001,华兰生物工程重庆有限公司,重庆市涪陵区鹤凤大道66号,华兰生物工程重庆有限公司,重庆市涪陵区鹤凤大道66号,变更主要生产设备：2台融浆罐、1台冷沉淀分离机和10台分离反应罐。,重庆市药品监督管理局,2024-01-19,已备案,详情
渝备2024001714,静注人免疫球蛋白(pH4),国药准字S20174002,华兰生物工程重庆有限公司,重庆市涪陵区鹤凤大道66号,华兰生物工程重庆有限公司,重庆市涪陵区鹤凤大道66号,变更主要生产设备：2台融浆罐、1台冷沉淀分离机和10台分离反应罐。,重庆市药品监督管理局,2024-01-19,已备案,详情
苏备2024001913,甲硝唑凝胶,国药准字H10980213,江苏知原药业股份有限公司,无锡市锡山区锡北镇工业园区泾新路35号,江苏知原药业股份有限公司,无锡市锡山区锡北镇工业园区泾新路35号,根据《已上市化学药品药学变更研究技术指导原则（试行）》，本品在“铝管，10g/支。20g/支。30g/支。40g/支。药用低密度聚乙烯/乙烯-乙烯醇共聚物/低密度聚乙烯复合软膏管，5g/支。”包装规格的基础上增加“铝管，25g/支。”的包装规格。,江苏省药品监督管理局,2024-01-19,2024年04月09日，撤销备案,详情
辽备2024002378,六味地黄丸,国药准字Z21021631,大连天山药业有限公司,辽宁省大连市甘井子区营日路17号-1、2、3号,大连天山药业有限公司,大连市甘井子区营日路17号-1、2、3号：片剂，硬胶囊剂，软胶囊剂，颗粒剂，丸剂(浓缩丸、水丸)***,变更药品有效期。将六味地黄丸有效期延长至36个月。,辽宁省药品监督管理局,2024-01-19,已备案,详情
浙备2024002465,米诺地尔泡沫剂,国药准字H20234731,浙江三生蔓迪药业有限公司,浙江省杭州市临安区青山湖街道王家山路1号,浙江三生蔓迪药业有限公司,杭州市临安区青山湖街道王家山路1号,本品上市许可持有人及生产企业名称由“浙江万晟药业有限公司”变更为“浙江三生蔓迪药业有限公司”，并对说明书及标签作相应修订。,浙江省药品监督管理局,2024-01-19,已备案,详情
浙备2024002380,盐酸氨溴索口服溶液,国药准字H20233311,杭州元素医药有限公司,浙江省杭州市萧山区南阳街道赭东佳苑地块,浙江凯润药业股份有限公司,浙江省湖州市德清县阜溪街道英溪北路689号,延长100毫升和150毫升包装规格产品有效期至36个月，并因延长有效期同步修订外包装盒标签、说明书。,浙江省药品监督管理局,2024-01-19,已备案,详情
苏备2024001760,盐酸莫西沙星片,国药准字H20193387,南京优科制药有限公司,南京经济技术开发区恒竞路28号,南京优科制药有限公司,南京经济技术开发区恒竞路 28号,根据《已上市化学药品药学变更研究技术指导原则(试行)》，本品原料药“盐酸莫西沙星”的供应商在“南京优科制药有限公司”的基础上增加“浙江国邦药业有限公司”。,江苏省药品监督管理局,2024-01-19,已备案,详情
苏备2024001635,注射用氯诺昔康,国药准字H20113080,苏州天马医药集团天吉生物制药有限公司,苏州市吴中区木渎镇花苑东路199号,苏州天马医药集团天吉生物制药有限公司,苏州市木渎镇花苑东路199号,根据国家局《关于“通过一致性评价”标识使用有关事宜的说明》，在本品“1瓶/盒”包装规格的外标签（纸盒）中增加“仿制药一致性评价”标识。,江苏省药品监督管理局,2024-01-19,已备案,详情
鲁备2024001788,盐酸氨溴索注射液,国药准字H20133242,山东方明药业集团股份有限公司,山东省东明县黄河路方明段,山东方明药业集团股份有限公司,山东省东明县黄河路方明段,增加山东罗欣药业集团恒欣药业有限公司作为本品所用原料药的新供应商。,山东省药品监督管理局,2024-01-19,已备案,详情
桂备2024001733,阿司匹林肠溶片,国药准字H20237116,桂林南药股份有限公司,桂林市七里店路43号,桂林南药股份有限公司,桂林市七里店路43号,本品（阿司匹林肠溶片100mg）有效期由“24个月”变更为“36个月”。,广西壮族自治区药品监督管理局,2024-01-19,已备案,详情
京备2024001032,舒更葡糖钠注射液,国药准字H20234504,北京泰德制药股份有限公司,北京市北京经济技术开发区荣京东街8号,北京市,北京市北京经济技术开发区荣京东街8号,持有人所持有品种-舒更葡糖钠注射液（规格：2ml:200mg（按舒更葡糖钠活性实体与单-羟基舒更葡糖钠活性实体的总量计），批准文号：国药准字H20234504），拟变更质控标准的分析方法，但不降低制剂的质量控制水平。将原料内控质量标准中性状描述变更为：本品为白色或类白色粉末或颗粒，删除原料内控质量标准中含量测定中“单-羟基舒更葡糖钠的含量计算应乘以1.0804”描述。,北京市药品监督管理局,2024-01-19,已备案,详情
冀备2024002419,氯化钾注射液,国药准字H20247013,石家庄四药有限公司,石家庄高新技术产业开发区槐安东路518号,石家庄四药有限公司,石家庄高新技术产业开发区槐安东路518号,申请备案本品有效期变更为“18个月”信息。我公司对申报资料的真实性、准确性、完整性负责，并将持续关注变更后产品安全性、有效性和质量可控性，必要时提出补充申请。,河北省药品监督管理局,2024-01-19,已备案,详情
津备2024002478,氟尿嘧啶注射液,国药准字H20237081,天津金耀药业有限公司,天津开发区黄海路221号,天津金耀药业有限公司,天津开发区黄海路221号,按照《国家药品监督管理局药品补充申请批准通知书》，天津金耀药业有限公司申请修订氟尿嘧啶注射液（10ml：0.5g）说明书和包装标签，增加“通过一致性评价”标识及商标。,天津市药品监督管理局,2024-01-19,已备案,详情
鲁备2024001800,维生素C注射液,国药准字H20044323,山东圣鲁制药有限公司,泗水县泗河办泗河路北首,山东圣鲁制药有限公司,泗水县泗河办泗河路北首,增加原料药维生素C供应商石药集团维生药业(石家庄)有限公司。,山东省药品监督管理局,2024-01-19,已备案,详情
粤备2024001803,复方酮康唑乳膏,国药准字H20064131,广东恒健制药有限公司,广东省江门市龙溪路117号,广东恒健制药有限公司,广东省江门市龙溪路117号,本品增加铝管装，18克/支/盒的包装规格，说明书和包装标签做相应修订。,广东省药品监督管理局,2024-01-19,已备案,详情
Y豫备2024001050,盐酸阿糖胞苷,Y20170000738,无,无,新乡制药股份有限公司,新乡市延津县产业集聚区北区建文路16号,拟将产品有效期由18个月变更为36个月,河南省药品监督管理局,2024-01-19,已备案,详情
桂备2024002308,胃痛宁片,国药准字Z13021601,广西维威制药有限公司,南宁市防城港路10号,广西维威制药有限公司,南宁市防城港路10号,变更胃痛宁片的药品生产企业名称和药品生产地址，药品生产企业由“承德新爱民制药有限公司”变更为“广西维威制药有限公司”，生产地址由“承德双桥区下二道河子”变更为“南宁市防城港路10号”。,广西壮族自治区药品监督管理局,2024-01-19,已备案,详情
冀备2024002461,盐酸利多卡因注射液,国药准字H13022314,河北天成药业股份有限公司,沧州经济技术开发区金光大街18号,河北天成药业股份有限公司,沧州经济技术开发区兴业路51号,根据《总局关于仿制药质量和疗效一致性评价工作有关事项的公告》（2017年第100号）的相关要求，申请在盐酸利多卡因注射液（20ml:0.4g）说明书、标签中添加“通过一致性评价”标识，说明书、标签中其他内容不进行修订。,河北省药品监督管理局,2024-01-19,已备案,详情
渝备2024001715,静注人免疫球蛋白(pH4),国药准字S20113011,华兰生物工程重庆有限公司,重庆市涪陵区鹤凤大道66号,华兰生物工程重庆有限公司,重庆市涪陵区鹤凤大道66号,变更主要生产设备：2台融浆罐、1台冷沉淀分离机和10台分离反应罐。,重庆市药品监督管理局,2024-01-19,已备案,详情
吉备2024002736,铝镁匹林片,国药准字H22026430,吉林吴太感康药业有限公司,长春经济技术开发区辽港街991号,吉林吴太感康药业有限公司,长春经济技术开发区辽港街991号,因药品生产许可证变更，更新药品注册批准文件载明的生产企业名称或地址。生产企业地址由吉林高新区台北路65号变更为长春经济技术开发区辽港街991号,吉林省药品监督管理局,2024-01-22,已备案,详情
滇备2024002813,蛮龙液,国药准字Z53020206,云南云龙制药股份有限公司,中国（云南）自由贸易试验区昆明片区经开区阿拉街道办昌宏社区经宏路5号,云南云龙制药股份有限公司,中国（云南）自由贸易试验区昆明片区经开区阿拉街道办昌宏社区经宏路5号,因药品生产许可证变更，更新药品注册批准文件载明的生产企业名称或地址。生产企业地址由1.昆明市经济技术开发区经宏路2.昆明市呈贡工业园区变更为中国（云南）自由贸易试验区昆明片区经开区阿拉街道办昌宏社区经宏路5号,云南省药品监督管理局,2024-01-22,已备案,详情
滇备2024002832,安乃近片,国药准字H53020293,云南云龙制药股份有限公司,中国（云南）自由贸易试验区昆明片区经开区阿拉街道办昌宏社区经宏路5号,云南云龙制药股份有限公司,中国（云南）自由贸易试验区昆明片区经开区阿拉街道办昌宏社区经宏路5号,因药品生产许可证变更，更新药品注册批准文件载明的生产企业名称或地址。生产企业地址由昆明市经济技术开发区经宏路变更为中国（云南）自由贸易试验区昆明片区经开区阿拉街道办昌宏社区经宏路5号,云南省药品监督管理局,2024-01-22,已备案,详情
赣备2024002332,清火胶囊,国药准字Z20080476,江西药都仁和制药有限公司,江西省樟树市葛玄路6号,江西药都仁和制药有限公司,江西省樟树市葛玄路6号,"根据2023年12月6日国家药监局发布关于修订清火片和清火胶囊说明书的公告（2023年第156号）要求，我公司清火胶囊需修订说明书【不良反应】、【禁忌】、【注意事项】项目，具体修订内容如下：
一、【不良反应】项：由“尚不明确”变更为：“监测数据显示，本品可见以下不良反应报告：腹泻、腹痛、恶心、呕吐、腹部不适、排便频率增加、口干、皮疹、瘙痒、头晕、头痛、乏力、胸部不适等。” 
二、【禁忌】项：由“尚不明确”变更为：“对本品及所含成份过敏者禁用。” 
三、【注意事项】项修订内容如下:
3.1、应当增加：
1.不宜在服药期间同时服用滋补性中药。
2.严格按照用法用量服用，本品不宜长期服用。
3.月经期、哺乳期妇女应当在医师指导下服用。
3.2、应当修订：
1.“心脏病、肝病、糖尿病、肾病等患者应在医师指导下服用。”应当修订为：“高血压、心脏病、肝病、糖尿病、肾病等患者应当在医师指导下服用。”
2.“小儿、年老体弱者及脾胃虚寒者慎用，若需使用，必须在医师指导下使用。”应当修订为：“年老体弱者及脾胃虚寒者慎用，若需使用，必须在医师指导下使用。”
3.“对本品过敏者禁用，过敏体质者慎用。”应当修订为：“过敏体质者慎用。”
3.3、应当删除：
儿童必须在成人监护下使用。
四、【说明书修订日期】以此次补充备案公示日期为准。
五、其他项内容不变。
标签具体修订内容如下：
一、【不良反应】项：由“尚不明确”变更为：“监测数据显示，本品可见以下不良反应报告：腹泻、腹痛、恶心、呕吐、腹部不适、排便频率增加、口干、皮疹、瘙痒、头晕、头痛、乏力、胸部不适等。” 
二、【禁忌】项：由“尚不明确”变更为：“对本品及所含成份过敏者禁用。” 
三、其他项内容不变。",江西省药品监督管理局,2024-01-22,已备案,详情
陕备2024001925,复方丹参片,国药准字Z61021332,陕西年青保制药有限公司,陕西省咸阳市秦都区永昌路43号,陕西年青保制药有限公司,陕西省咸阳市秦都区永昌路43号,"根据企业实际情况，现申请复方丹参片（国药准字Z61021332）以下变更事项：
 1.药品上市许可持有人名称由“陕西春晖药业有限公司（生产地址：陕西省咸阳市秦都区永昌路43号）”变更为“陕西年青保制药有限公司（生产地址：陕西省咸阳市秦都区永昌路43号）”。
 2.生产企业、生产地址由“陕西春晖药业有限公司（生产地址：陕西省咸阳市秦都区永昌路43号）变更为“陕西年青保制药有限公司（生产地址：陕西省咸阳市秦都区永昌路43号）”。
3.药品说明书和标签备案：
 3.1、【药品上市许可持有人】由“陕西春晖药业有限公司（注册地址 ：陕西省咸阳市旬邑县中医药健康产业园创业大道东段）”变更为“陕西年青保制药有限公司（注册地址：陕西省咸阳市秦都区永昌路43号）”。
 3.2、【生产企业】由“陕西春晖药业有限公司（生产地址：陕西省咸阳市秦都区永昌路43号）变更为“陕西年青保制药有限公司（生产地址：陕西省咸阳市秦都区永昌路43号）”。
 3.3、联系电话由“（029）62276229、（029）34420229”变更为“029-38019988”。
 3.4、邮编“711300”变更为‘“712000”。
 3.5、删除原传真号码：（029）62276231",陕西省药品监督管理局,2024-01-21,已备案,详情
陕备2024002075,三七伤药片,国药准字Z61020603,西安北方药业有限公司,陕西省西安市高新区长安科技园创业大道22号,西安北方药业有限公司,陕西省西安市高新区长安科技园创业大道22号,说明书中的【不良反应】、【禁忌】和【注意事项】项进行统一修订,陕西省药品监督管理局,2024-01-21,已备案,详情
渝备2024001215,注射用尼可地尔,国药准字H20234734,重庆德诚永道医药有限公司,重庆市沙坪坝区土主街道享通路19号,重庆华邦制药有限公司,重庆市北碚区京东方大道255号,药品说明书和标签使用“通过一致性评价”标识,重庆市药品监督管理局,2024-01-20,已备案,详情
陕备2024002284,盐酸莫西沙星滴眼液,国药准字H20234484,陕西博森生物制药股份集团有限公司,陕西省西安市高新区新型工业园创新路7号,陕西博森生物制药股份集团有限公司,陕西省西安市高新区新型工业园创新路7号,申请将盐酸莫西沙星滴眼液说明书中的“请仔细阅读说明书并在医师指导下使用”补充完善为“请仔细阅读说明书并在医师或药师指导下使用”；在该产品药品说明书和药品标签上增加“通过一致性评价”标识。现对该产品的药品说明书和药品标签进行首次备案。,陕西省药品监督管理局,2024-01-20,已备案,详情
辽备2024002382,风寒感冒颗粒,国药准字Z21021802,美罗药业股份有限公司,大连市甘井子区营升路9号,美罗药业股份有限公司,大连市甘井子区营升路9号,根据国家药监局2023年11月22日发布的《国家药监局关于修订风寒感冒颗粒、穿心莲注射液药品说明书的公告（2023年第139号）》中附件1《风寒感冒颗粒药品说明书修订要求》，对风寒感冒颗粒（每袋装8g）的说明书进行修订。,辽宁省药品监督管理局,2024-01-19,已备案,详情
桂备2024002311,酸枣仁糖浆,国药准字Z45021174,广西维威制药有限公司,南宁市防城港路10号,广西维威制药有限公司,南宁市防城港路10号,变更酸枣仁糖浆的药品生产企业名称和药品生产地址，药品生产企业由“广西梧州三箭制药有限公司”变更为“广西维威制药有限公司”，生产地址由“梧州市西江四路扶典上冲32号”变更为“南宁市防城港路10号”。,广西壮族自治区药品监督管理局,2024-01-19,已备案,详情
滇备2024002819,维生素C片,国药准字H53020316,云南云龙制药股份有限公司,中国（云南）自由贸易试验区昆明片区经开区阿拉街道办昌宏社区经宏路5号,云南云龙制药股份有限公司,中国（云南）自由贸易试验区昆明片区经开区阿拉街道办昌宏社区经宏路5号,因药品生产许可证变更，更新药品注册批准文件载明的生产企业名称或地址。生产企业地址由昆明市经济技术开发区经宏路变更为中国（云南）自由贸易试验区昆明片区经开区阿拉街道办昌宏社区经宏路5号,云南省药品监督管理局,2024-01-22,已备案,详情
滇备2024002810,复方鱼腥草软胶囊,国药准字Z20055662,云南云龙制药股份有限公司,中国（云南）自由贸易试验区昆明片区经开区阿拉街道办昌宏社区经宏路5号,云南云龙制药股份有限公司,中国（云南）自由贸易试验区昆明片区经开区阿拉街道办昌宏社区经宏路5号,因药品生产许可证变更，更新药品注册批准文件载明的生产企业名称或地址。生产企业地址由昆明市经济技术开发区经宏路变更为中国（云南）自由贸易试验区昆明片区经开区阿拉街道办昌宏社区经宏路5号,云南省药品监督管理局,2024-01-22,已备案,详情
滇备2024002824,感冒清热颗粒,国药准字Z53020236,云南云龙制药股份有限公司,中国（云南）自由贸易试验区昆明片区经开区阿拉街道办昌宏社区经宏路5号,云南云龙制药股份有限公司,中国（云南）自由贸易试验区昆明片区经开区阿拉街道办昌宏社区经宏路5号,因药品生产许可证变更，更新药品注册批准文件载明的生产企业名称或地址。生产企业地址由昆明市经济技术开发区经宏路变更为中国（云南）自由贸易试验区昆明片区经开区阿拉街道办昌宏社区经宏路5号,云南省药品监督管理局,2024-01-22,已备案,详情
赣备2024002261,参茸补血酒,Z20025494,江西金顶药业有限公司,江西省吉安市井冈山经济技术开发区君山大道187号,江西金顶药业有限公司,江西省吉安市井冈山经济技术开发区君山大道187,9.6.变更药品有效期或贮藏条件。产品参茸补血酒有效期为18个月延长有效期至36个月。,江西省药品监督管理局,2024-01-22,已备案,详情
滇备2024002830,利胆石颗粒,国药准字Z53020244,云南云龙制药股份有限公司,中国（云南）自由贸易试验区昆明片区经开区阿拉街道办昌宏社区经宏路5号,云南云龙制药股份有限公司,中国（云南）自由贸易试验区昆明片区经开区阿拉街道办昌宏社区经宏路5号,因药品生产许可证变更，更新药品注册批准文件载明的生产企业名称或地址。生产企业地址由昆明市经济技术开发区经宏路变更为中国（云南）自由贸易试验区昆明片区经开区阿拉街道办昌宏社区经宏路5号,云南省药品监督管理局,2024-01-22,已备案,详情
桂备2024002584,息咳糖浆,国药准字Z45020735,一力制药（南宁）有限公司,南宁市龙锦路5号,一力制药（南宁）有限公司,南宁市龙锦路5号,根据变更生产地址后的信息，对息咳糖浆生产所使用的说明书及包装标签进行修订。,广西壮族自治区药品监督管理局,2024-01-22,已备案,详情
苏备2024002102,蒲地蓝消炎口服液,国药准字Z20030095,济川药业集团有限公司,泰兴市大庆西路宝塔湾,济川药业集团有限公司,泰兴市大庆西路宝塔湾,在原标准规定范围内收紧黄芩苷与菊苣酸含量限度。,江苏省药品监督管理局,2024-01-22,已备案,详情
吉备2024002857,盐酸纳洛酮注射液,国药准字H20065540,国药一心制药有限公司,长春双阳经济开发区怡心路111号,国药一心制药有限公司,长春双阳经济开发区怡心路111号,申请对使用“盐酸纳洛酮”原料的盐酸纳洛酮注射液（国药准字H20065540）在原有供应商SANOFI CHIMIE的基础上新增国药集团工业有限公司廊坊分公司(登记号:Y20190007114)进行备案。,吉林省药品监督管理局,2024-01-22,已备案,详情
吉备2024002739,胱氨酸片,国药准字H22024520,吉林吴太感康药业有限公司,长春经济技术开发区辽港街991号,吉林吴太感康药业有限公司,长春经济技术开发区辽港街991号,因药品生产许可证变更，更新药品注册批准文件载明的生产企业名称或地址。生产企业地址由吉林高新区台北路65号变更为长春经济技术开发区辽港街991号,吉林省药品监督管理局,2024-01-22,已备案,详情
滇备2024002845,板蓝根颗粒,国药准字Z53020242,云南云龙制药股份有限公司,中国（云南）自由贸易试验区昆明片区经开区阿拉街道办昌宏社区经宏路5号,云南云龙制药股份有限公司,中国（云南）自由贸易试验区昆明片区经开区阿拉街道办昌宏社区经宏路5号,因药品生产许可证变更，更新药品注册批准文件载明的生产企业名称或地址。生产企业地址由昆明市经济技术开发区经宏路变更为中国（云南）自由贸易试验区昆明片区经开区阿拉街道办昌宏社区经宏路5号,云南省药品监督管理局,2024-01-22,已备案,详情
苏备2024002019,盐酸帕洛诺司琼注射液,国药准字20080716,正大天晴药业集团股份有限公司,江苏省连云港市郁州南路369号,正大天晴药业集团股份有限公司,江苏省连云港市郁州南路369号,按照《已上市化学药品药学变更研究技术指导原则（试行）》要求，根据质量标准YBH06052021制定了稳定性考察方案，稳定性数据结果符合方案要求，现将本品有效期由36个月延长至60个月。,江苏省药品监督管理局,2024-01-22,已备案,详情
吉备2024002731,阿莫西林胶囊,国药准字H20046151,吉林吴太感康药业有限公司,长春经济技术开发区辽港街991号,吉林吴太感康药业有限公司,长春经济技术开发区辽港街991号,因药品生产许可证变更，更新药品注册批准文件载明的生产企业名称或地址。生产企业地址由吉林高新区台北路65号变更为长春经济技术开发区辽港街991号,吉林省药品监督管理局,2024-01-22,已备案,详情
Y皖备2024000668,甲磺酸多沙唑嗪,Y20220000380,无,无,合肥立方制药股份有限公司,合肥经济技术开发区汤口路与青鸾路口,将甲磺酸多沙唑嗪有效期由18个月延长到24个月。,安徽省药品监督管理局,2024-01-22,已备案,详情
冀备2024002692,曲克芦丁片,国药准字H13023638,石药集团欧意药业有限公司,石家庄经济技术开发区扬子路88号,石药集团欧意药业有限公司,石家庄经济技术开发区扬子路88号,申请备案本品原料药供应商在“山东端信堂大禹药业有限公司”、“四川协力制药股份有限公司”、“上海现代哈森（商丘）药业有限公司”的基础上，增加“河南精康制药有限公司”。我公司对申报资料的真实性、准确性、完整性负责，并将持续关注变更后产品产品安全性、有效性和质量可控性，必要时提出补充申请。,河北省药品监督管理局,2024-01-22,已备案,详情
吉备2024002727,灰黄霉素片,国药准字H22023887,吉林吴太感康药业有限公司,长春经济技术开发区辽港街991号,吉林吴太感康药业有限公司,长春经济技术开发区辽港街991号,因药品生产许可证变更，更新药品注册批准文件载明的生产企业名称或地址。生产企业地址由吉林高新区台北路65号变更为长春经济技术开发区辽港街991号,吉林省药品监督管理局,2024-01-22,已备案,详情
Y赣备2024001170,加巴喷丁,Y20200001004,无,无,江西同和药业股份有限公司,江西奉新高新技术产业园区长乐大道699号,"根据稳定性考察结果，原料药加巴喷丁有效期由“24个月”延长至""36个月""。",江西省药品监督管理局,2024-01-22,已备案,详情
滇备2024002836,小儿清热止咳口服液,国药准字Z53020209,云南云龙制药股份有限公司,中国（云南）自由贸易试验区昆明片区经开区阿拉街道办昌宏社区经宏路5号,云南云龙制药股份有限公司,中国（云南）自由贸易试验区昆明片区经开区阿拉街道办昌宏社区经宏路5号,因药品生产许可证变更，更新药品注册批准文件载明的生产企业名称或地址。生产企业地址由昆明市经济技术开发区经宏路变更为中国（云南）自由贸易试验区昆明片区经开区阿拉街道办昌宏社区经宏路5号,云南省药品监督管理局,2024-01-22,已备案,详情
吉备2024002746,尼可地尔片,国药准字H22024050,吉林吴太感康药业有限公司,长春经济技术开发区辽港街991号,吉林吴太感康药业有限公司,长春经济技术开发区辽港街991号,因药品生产许可证变更，更新药品注册批准文件载明的生产企业名称或地址。生产企业地址由吉林高新区台北路65号变更为长春经济技术开发区辽港街991号,吉林省药品监督管理局,2024-01-22,已备案,详情
鲁备2024001914,盐酸伊托必利颗粒等4个品种5个批准文号,国药准字H20050932,山东泽宇生物有限公司,山东省菏泽市鲁西新区陈集镇镇江路2566号-D5,莱阳市江波制药有限责任公司,莱阳市经济开发区隆茂街中段,盐酸伊托必利颗粒（国药准字H20050932)、对乙酰氨基酚片(国药准字H37022732、国药准字H37022733）、非洛地平缓释片（国药准字H20103190）、克拉霉素缓释片（国药准字H20052746）等4个品种5个批准文号药品上市许可持有人地址由“山东省菏泽市开发区陈集镇长江东路本草集团院内6号”变更为“山东省菏泽市鲁西新区陈集镇镇江路2566号-D5”，实际地址未发生改变。,山东省药品监督管理局,2024-01-22,已备案,详情
滇备2024002827,肿节风软胶囊,国药准字Z20080042,云南云龙制药股份有限公司,中国（云南）自由贸易试验区昆明片区经开区阿拉街道办昌宏社区经宏路5号,云南云龙制药股份有限公司,中国（云南）自由贸易试验区昆明片区经开区阿拉街道办昌宏社区经宏路5号,因药品生产许可证变更，更新药品注册批准文件载明的生产企业名称或地址。生产企业地址由昆明市经济技术开发区经宏路变更为中国（云南）自由贸易试验区昆明片区经开区阿拉街道办昌宏社区经宏路5号,云南省药品监督管理局,2024-01-22,已备案,详情
Y鲁备2024002248,噻托溴铵,Y20210000563,无,无,山东锐顺药业有限公司,山东省泰安市高新区配天门大街3577号,将本品的有效期由36个月延长至48个月，标签进行相应修订。,山东省药品监督管理局,2024-01-22,已备案,详情
吉备2024002747,谷维素片,国药准字H22023886,吉林吴太感康药业有限公司,长春经济技术开发区辽港街991号,吉林吴太感康药业有限公司,长春经济技术开发区辽港街991号,因药品生产许可证变更，更新药品注册批准文件载明的生产企业名称或地址。生产企业地址由吉林高新区台北路65号变更为长春经济技术开发区辽港街991号,吉林省药品监督管理局,2024-01-22,已备案,详情
滇备2024002816,土霉素片,国药准字H53020288,云南云龙制药股份有限公司,中国（云南）自由贸易试验区昆明片区经开区阿拉街道办昌宏社区经宏路5号,云南云龙制药股份有限公司,中国（云南）自由贸易试验区昆明片区经开区阿拉街道办昌宏社区经宏路5号,因药品生产许可证变更，更新药品注册批准文件载明的生产企业名称或地址。生产企业地址由昆明市经济技术开发区经宏路变更为中国（云南）自由贸易试验区昆明片区经开区阿拉街道办昌宏社区经宏路5号,云南省药品监督管理局,2024-01-22,已备案,详情
吉备2024002741,保泰松片,国药准字H22023892,吉林吴太感康药业有限公司,长春经济技术开发区辽港街991号,吉林吴太感康药业有限公司,长春经济技术开发区辽港街991号,因药品生产许可证变更，更新药品注册批准文件载明的生产企业名称或地址。生产企业地址由吉林高新区台北路65号变更为长春经济技术开发区辽港街991号,吉林省药品监督管理局,2024-01-22,已备案,详情
冀备2024002712,连花清瘟胶囊,国药准字Z20040063,石家庄以岭药业股份有限公司,石家庄市高新技术开发区天山大街238号,石家庄以岭药业股份有限公司,石家庄市高新技术开发区天山大街238号,申请备案本品在石家庄以岭药业股份有限公司增加连花清瘟胶囊生产线（制剂三车间中药硬胶囊剂生产线4），用于进行连花清瘟胶囊的制剂生产。我公司对申报资料的真实性、准确性、完整性负责，并将持续关注变更后产品安全性、有效性和质量可控性，必要时提出补充申请。,河北省药品监督管理局,2024-01-22,已备案,详情
滇备2024002846,硫酸庆大霉素片,国药准字H53020320,云南云龙制药股份有限公司,中国（云南）自由贸易试验区昆明片区经开区阿拉街道办昌宏社区经宏路5号,云南云龙制药股份有限公司,中国（云南）自由贸易试验区昆明片区经开区阿拉街道办昌宏社区经宏路5号,因药品生产许可证变更，更新药品注册批准文件载明的生产企业名称或地址。生产企业地址由昆明市经济技术开发区经宏路变更为中国（云南）自由贸易试验区昆明片区经开区阿拉街道办昌宏社区经宏路5号,云南省药品监督管理局,2024-01-22,已备案,详情
吉备2024002723,胱氨酸片,国药准字H22024519,吉林吴太感康药业有限公司,长春经济技术开发区辽港街991号,吉林吴太感康药业有限公司,长春经济技术开发区辽港街991号,因药品生产许可证变更，更新药品注册批准文件载明的生产企业名称或地址。生产企业地址由吉林高新区台北路65号变更为长春经济技术开发区辽港街991号,吉林省药品监督管理局,2024-01-22,已备案,详情
滇备2024002834,阿司匹林片,国药准字H53020322,云南云龙制药股份有限公司,中国（云南）自由贸易试验区昆明片区经开区阿拉街道办昌宏社区经宏路5号,云南云龙制药股份有限公司,中国（云南）自由贸易试验区昆明片区经开区阿拉街道办昌宏社区经宏路5号,因药品生产许可证变更，更新药品注册批准文件载明的生产企业名称或地址。生产企业地址由昆明市经济技术开发区经宏路变更为中国（云南）自由贸易试验区昆明片区经开区阿拉街道办昌宏社区经宏路5号,云南省药品监督管理局,2024-01-22,已备案,详情
桂备2024002331,复方黄藤洗液,国药准字B20020721,广西德联制药有限公司,广西玉林市陆川县松木岭双龙街北区61号,广西德联制药有限公司,广西玉林市陆川县松木岭双龙街北区61号,"1、将180毫升/瓶的复方黄藤洗液生产地址名称由广西玉林市陆川县双龙街北区61号变更为广西玉林市陆川县松木岭双龙街北区61号。
2、因上市许可持有人地址由广西玉林市陆川县双龙街北区61号变更为广西玉林市陆川县松木岭双龙街北区61号，同步修订相关药品说明书和药品包装标签。
3、根据国家药监局关于发布《药品追溯码标识规范》等2项信息化标准的公告（2022年第50号）将包装标签上码上放心追溯码 支付宝扫一扫修改为药品追溯码 请用支付宝扫码或码上放心网站查询。",广西壮族自治区药品监督管理局,2024-01-22,已备案,详情
滇备2024002591,牛黄解毒片,国药准字Z53020239,云南云龙制药股份有限公司,中国（云南）自由贸易试验区昆明片区经开区阿拉街道办昌宏社区经宏路5号,云南云龙制药股份有限公司,中国（云南）自由贸易试验区昆明片区经开区阿拉街道办昌宏社区经宏路5号,牛黄解毒片变更制剂处方中的辅料：由原糖衣片变为薄膜衣片，包衣辅料为薄膜包衣剂。,云南省药品监督管理局,2024-01-22,2024年02月06日，撤销备案,详情
吉备2024002738,盐酸小檗碱片,国药准字H22023751,吉林吴太感康药业有限公司,长春经济技术开发区辽港街991号,吉林吴太感康药业有限公司,长春经济技术开发区辽港街991号,因药品生产许可证变更，更新药品注册批准文件载明的生产企业名称或地址。生产企业地址由吉林高新区台北路65号变更为长春经济技术开发区辽港街991号,吉林省药品监督管理局,2024-01-22,已备案,详情
滇备2024002818,甲硝唑片,国药准字H53020296,云南云龙制药股份有限公司,中国（云南）自由贸易试验区昆明片区经开区阿拉街道办昌宏社区经宏路5号,云南云龙制药股份有限公司,中国（云南）自由贸易试验区昆明片区经开区阿拉街道办昌宏社区经宏路5号,因药品生产许可证变更，更新药品注册批准文件载明的生产企业名称或地址。生产企业地址由昆明市经济技术开发区经宏路变更为中国（云南）自由贸易试验区昆明片区经开区阿拉街道办昌宏社区经宏路5号,云南省药品监督管理局,2024-01-22,已备案,详情
粤备2024002566,小儿感冒宁颗粒,国药准字Z20100067,华润三九医药股份有限公司,深圳市龙华区观湖街道观澜高新园区观清路1号,华润三九医药股份有限公司,深圳市龙华区观湖街道观澜高新园区观清路1号,本品有效期由“24个月”变更为“36个月”。,广东省药品监督管理局,2024-01-22,已备案,详情
冀备2024002675,硝苯地平缓释片（Ⅱ）,国药准字H20234699,石家庄四药有限公司,石家庄高新技术产业开发区槐安东路518号,石家庄四药有限公司,石家庄高新技术产业开发区槐安东路518号,申请备案本品有效期变更为“24个月”。我公司对申报资料的真实性、准确性、完整性负责，并将持续关注变更后产品安全性、有效性和质量可控性，必要时提出补充申请。,河北省药品监督管理局,2024-01-22,已备案,详情
琼备2024002112,注射用头孢呋辛钠,国药准字H20067347和国药准字H20067348,海南全星制药有限公司,海南省海口市保税区A06-2,海南全星制药有限公司,海南省海口市保税区A06-2,1、增加“广东立国制药有限公司”为头孢呋辛钠原料药供应商；2、增加“山东力诺特种玻璃股份有限公司”为注射用头孢呋辛钠中硼硅玻璃管制注射剂瓶供应商；3、变更头孢呋辛钠原料药内控标准；4、变更0.75g规格分装速度。,海南省药品监督管理局,2024-01-22,已备案,详情
苏备2024002017,香连丸,国药准字Z32020605,雷允上药业集团有限公司,苏州高新区横山路86号,雷允上药业集团有限公司,苏州高新区横山路86号,根据药品说明书内容变更标签相应内容。根据药品补充申请批准通知书（编号：2023B05320），修订本品【规格】项为“每100粒重3g（相当于饮片3g）”，变更处方药及非处方药说明书【不良反应】、【禁忌】、【注意事项】内容。,江苏省药品监督管理局,2024-01-22,已备案,详情
滇备2024002835,小柴胡胶囊,国药准字Z20080640,云南云龙制药股份有限公司,中国（云南）自由贸易试验区昆明片区经开区阿拉街道办昌宏社区经宏路5号,云南云龙制药股份有限公司,中国（云南）自由贸易试验区昆明片区经开区阿拉街道办昌宏社区经宏路5号,因药品生产许可证变更，更新药品注册批准文件载明的生产企业名称或地址。生产企业地址由云南省昆明市经济技术开发区经宏路变更为中国（云南）自由贸易试验区昆明片区经开区阿拉街道办昌宏社区经宏路5号,云南省药品监督管理局,2024-01-22,已备案,详情
滇备2024002828,牛磺酸片,国药准字H19999514,云南云龙制药股份有限公司,中国（云南）自由贸易试验区昆明片区经开区阿拉街道办昌宏社区经宏路5号,云南云龙制药股份有限公司,中国（云南）自由贸易试验区昆明片区经开区阿拉街道办昌宏社区经宏路5号,因药品生产许可证变更，更新药品注册批准文件载明的生产企业名称或地址。生产企业地址由昆明市经济技术开发区经宏路变更为中国（云南）自由贸易试验区昆明片区经开区阿拉街道办昌宏社区经宏路5号,云南省药品监督管理局,2024-01-22,已备案,详情
鲁备2024002118,注射用头孢他啶,0.5g 国药准字H20237186 0.75g 国药准字H20237187 1.0g 国药准字H20057882 1.5g 国药准字H20053592 2.0g 国药准字H20053593 3.0g 国药准字H20053594,山东润泽制药有限公司,山东省菏泽市高新区大学路999号,山东润泽制药有限公司,山东省菏泽市高新区大学路999号,申请在药品说明书和标签中增加“通过一致性评价”标识。,山东省药品监督管理局,2024-01-22,已备案,详情
滇备2024002820,小青龙合剂,国药准字Z53020233,云南云龙制药股份有限公司,中国（云南）自由贸易试验区昆明片区经开区阿拉街道办昌宏社区经宏路5号,云南云龙制药股份有限公司,中国（云南）自由贸易试验区昆明片区经开区阿拉街道办昌宏社区经宏路5号,因药品生产许可证变更，更新药品注册批准文件载明的生产企业名称或地址。生产企业地址由昆明市经济技术开发区经宏路变更为中国（云南）自由贸易试验区昆明片区经开区阿拉街道办昌宏社区经宏路5号,云南省药品监督管理局,2024-01-22,已备案,详情
黑备2024002702,藿香正气丸,国药准字Z23020849,黑龙江珍宝岛药业股份有限公司,黑龙江省鸡西市虎林市虎林镇红星街72号,哈尔滨珍宝制药有限公司,哈尔滨开发区哈平路集中区烟台一路8号,因药品生产许可证变更，更新药品注册批准文件载明的生产企业名称或地址。生产企业名称由哈尔滨中药四厂有限公司变更为哈尔滨珍宝制药有限公司;生产企业地址由哈尔滨市利民经济技术开发区南京路变更为哈尔滨开发区哈平路集中区烟台一路8号,黑龙江省药品监督管理局,2024-01-22,已备案,详情
吉备2024002730,盐酸二氧异丙嗪片,国药准字H22024772,吉林吴太感康药业有限公司,长春经济技术开发区辽港街991号,吉林吴太感康药业有限公司,长春经济技术开发区辽港街991号,因药品生产许可证变更，更新药品注册批准文件载明的生产企业名称或地址。生产企业地址由吉林高新区台北路65号变更为长春经济技术开发区辽港街991号,吉林省药品监督管理局,2024-01-22,已备案,详情
Y鄂备2024001893,拉莫三嗪,Y20170000392,无,无,湖北华世通生物医药科技有限公司,湖北天门经济开发区,生产地址由湖北天门经济开发区汉北路东变更为湖北天门经济开发区，两个地址实际为同一地址，地址未发生变更，仅地址名称表述不一致。,湖北省药品监督管理局,2024-01-22,已备案,详情
吉备2024002738,盐酸小檗碱片,国药准字H22023751,吉林吴太感康药业有限公司,长春经济技术开发区辽港街991号,吉林吴太感康药业有限公司,长春经济技术开发区辽港街991号,因药品生产许可证变更，更新药品注册批准文件载明的生产企业名称或地址。生产企业地址由吉林高新区台北路65号变更为长春经济技术开发区辽港街991号,吉林省药品监督管理局,2024-01-22,已备案,详情
滇备2024002818,甲硝唑片,国药准字H53020296,云南云龙制药股份有限公司,中国（云南）自由贸易试验区昆明片区经开区阿拉街道办昌宏社区经宏路5号,云南云龙制药股份有限公司,中国（云南）自由贸易试验区昆明片区经开区阿拉街道办昌宏社区经宏路5号,因药品生产许可证变更，更新药品注册批准文件载明的生产企业名称或地址。生产企业地址由昆明市经济技术开发区经宏路变更为中国（云南）自由贸易试验区昆明片区经开区阿拉街道办昌宏社区经宏路5号,云南省药品监督管理局,2024-01-22,已备案,详情
滇备2024002815,黄藤素软胶囊,国药准字Z20060222,云南云龙制药股份有限公司,中国（云南）自由贸易试验区昆明片区经开区阿拉街道办昌宏社区经宏路5号,云南云龙制药股份有限公司,中国（云南）自由贸易试验区昆明片区经开区阿拉街道办昌宏社区经宏路5号,因药品生产许可证变更，更新药品注册批准文件载明的生产企业名称或地址。生产企业地址由昆明市经济技术开发区经宏路变更为中国（云南）自由贸易试验区昆明片区经开区阿拉街道办昌宏社区经宏路5号,云南省药品监督管理局,2024-01-22,已备案,详情
粤备2024002566,小儿感冒宁颗粒,国药准字Z20100067,华润三九医药股份有限公司,深圳市龙华区观湖街道观澜高新园区观清路1号,华润三九医药股份有限公司,深圳市龙华区观湖街道观澜高新园区观清路1号,本品有效期由“24个月”变更为“36个月”。,广东省药品监督管理局,2024-01-22,已备案,详情
冀备2024002675,硝苯地平缓释片（Ⅱ）,国药准字H20234699,石家庄四药有限公司,石家庄高新技术产业开发区槐安东路518号,石家庄四药有限公司,石家庄高新技术产业开发区槐安东路518号,申请备案本品有效期变更为“24个月”。我公司对申报资料的真实性、准确性、完整性负责，并将持续关注变更后产品安全性、有效性和质量可控性，必要时提出补充申请。,河北省药品监督管理局,2024-01-22,已备案,详情
琼备2024002112,注射用头孢呋辛钠,国药准字H20067347和国药准字H20067348,海南全星制药有限公司,海南省海口市保税区A06-2,海南全星制药有限公司,海南省海口市保税区A06-2,1、增加“广东立国制药有限公司”为头孢呋辛钠原料药供应商；2、增加“山东力诺特种玻璃股份有限公司”为注射用头孢呋辛钠中硼硅玻璃管制注射剂瓶供应商；3、变更头孢呋辛钠原料药内控标准；4、变更0.75g规格分装速度。,海南省药品监督管理局,2024-01-22,已备案,详情
苏备2024002017,香连丸,国药准字Z32020605,雷允上药业集团有限公司,苏州高新区横山路86号,雷允上药业集团有限公司,苏州高新区横山路86号,根据药品说明书内容变更标签相应内容。根据药品补充申请批准通知书（编号：2023B05320），修订本品【规格】项为“每100粒重3g（相当于饮片3g）”，变更处方药及非处方药说明书【不良反应】、【禁忌】、【注意事项】内容。,江苏省药品监督管理局,2024-01-22,已备案,详情
