备案号,药品通用名称,药品批准文号,上市许可持有人,上市许可持有人地址,生产企业名称,生产企业地址,备案内容,备案机关,备案日期,备注,注
桂备2024018018,骨刺消痛胶囊,国药准字Z20063911,广西欢宝药业有限公司,南宁市良庆区建业路43号,广西欢宝药业有限公司,南宁市良庆区建业路43号,"1.骨刺消痛胶囊的纸盒、说明书加上药品上市许可持有人：广西欢宝药业有限公司、注册地址：南宁市良庆区建业路43号；
2.骨刺消痛胶囊的纸盒、说明书生产地址文字性变更为：南宁市良庆区建业路43号，包装项内容“12粒×2板”修订为“12粒×2板/盒”；
3.纸盒变更调整了部分图案、颜色，增加警示语“请仔细阅读说明书并在医师指导下使用 本品含制川乌、制草乌、天南星(炙)”；
4.骨刺消痛胶囊说明书的注意事项里增加“本品含甘草，不宜与甘遂、京大戟、红大戟、海藻、芫花同用。”内容。",广西壮族自治区药品监督管理局,2024-06-06,已备案,详情
赣备2024020166,人血白蛋白,国药准字S10940011,华润博雅生物制药集团股份有限公司,江西省抚州市抚州高新技术产业开发区惠泉路333号,华润博雅生物制药集团股份有限公司,江西省抚州市抚州高新技术产业开发区惠泉路333号,新增一台GEA公司生产的离心机（型号：BKB45），用于低温离心分离原料血浆得到冷沉淀与去冷沉淀血浆；新增的离心机替代原有的管式离心机，每批次离心3吨血浆得到的去冷沉淀血浆，与原有管式离心机离心3吨血浆得到的去冷沉淀血浆合并用于我公司已上市产品人血白蛋白的生产。,江西省药品监督管理局,2024-06-06,已备案,详情
陕备2024019703,清热解毒片,国药准字Z61020051,陕西盘龙药业集团股份有限公司,陕西柞水盘龙生态产业园,陕西盘龙药业集团股份有限公司,陕西柞水盘龙生态产业园,"根据《国家药监局关于清喉咽颗粒等3种处方药转换为非处方药的公告》（2024年第22号）的规定，申请变更说明书安全性内容：
【不良反应】由“尚不明确。”变更为“监测数据显示，本品可见以下不良反应报告：恶心、呕吐、腹泻、腹痛、腹部不适、皮疹、瘙痒、头晕、头痛等。”【禁忌】由“尚不明确。”变更为“1.孕妇禁用。2.对本品及所含成份过敏者禁用。”【注意事项】由“1、忌烟、酒及辛辣、生冷、油腻食物。2、不宜在服药期间同时服用滋补性中药。3、风寒感冒者不适用。4、有高血压、心脏病、肝病、糖尿病、肾病等慢性病严重者应在医师指导下服用。5、儿童、孕妇、哺乳期妇女、年老体弱及脾虚便溏者应在医师指导下服用。6、发热体温超过38.5℃的患者，应去医院就诊。7、服药3天症状无缓解，应去医院就诊。8、对本品过敏者禁用，过敏体质者慎用。9、本品性状发生改变时禁止使用。10、儿童必须在成人监护下使用。11、请将本品放在儿童不能接触的地方。12、如正在使用其他药品，使用本品前请咨询医师或药师。”变更为“1.忌烟、酒及辛辣、生冷、油腻食物。2.不宜在服药期间同时服滋补性中药。3.风寒感冒者不适用，其表现为恶寒重，发热轻，无汗，头痛，鼻塞，流清涕，喉痒咳嗽。4.高血压、心脏病、肝病、肾病、糖尿病等患者应在医生指导下服用。5.脾胃虚寒，症见腹痛、喜暖、泄泻者慎用。6.服药3天后或服药期间症状无改善，或症状加重，或出现新的严重症状如胸闷、心悸等应立即停药，并去医院就诊。7.按照用法用量服用，本品不宜与其他清热解毒制剂同时服用。8.儿童、年老体弱者应在医师指导下服用。9.发热体温超过38.5℃的患者，应去医院就诊。10.过敏体质者慎用。11.本品性状发生改变时禁止使用。12.儿童必须在成人监护下使用。13.请将本品放在儿童不能接触的地方。14.如正在使用其他药品，使用本品前请咨询医师或药师。”",陕西省药品监督管理局,2024-06-07,已备案,详情
吉备2024021848,常通舒颗粒,国药准字Z20053756,长春英平药业有限公司,长春市经济技术开发区南沙北路1578号,长春英平药业有限公司,长春市经济技术开发区南沙北路1578号,因药品生产许可证变更，更新药品注册批准文件载明的生产企业名称或地址。生产企业地址由长春经济技术开发区仙台大街2888号变更为长春市经济技术开发区南沙北路1578号,吉林省药品监督管理局,2024-06-07,已备案,详情
川备2024017027,吸入用乙酰半胱氨酸溶液,国药准字H20243225,四川海梦智森生物制药有限公司,成都高新区益新大道451号9层903号,浙江赛默制药有限公司,浙江省金华市婺城区汤溪镇永湖街788号,将本品有效期由18个月延长至24个月，质量标准和说明书中有效期项做相应修改。,四川省药品监督管理局,2024-06-07,已备案,详情
皖备2024020866,灯盏花素片,国药准字Z34020081,安徽圣鹰药业有限公司,安徽省合肥市高新技术产业开发区红枫路20号,安徽圣鹰药业有限公司,安徽省合肥市高新技术产业开发区红枫路20号,药品上市许可持有人地址、生产企业地址均由“合肥市高新技术开发区红枫路20号”变更为“安徽省合肥市高新技术产业开发区红枫路20号”，同步修订药品标签、说明书。,安徽省药品监督管理局,2024-06-07,已备案,详情
沪备2024021586,替米沙坦片,国药准字H20041043,上海现代制药股份有限公司,上海市浦东新区建陆路378号,上海现代制药股份有限公司,上海市浦东新区建陆路378号,根据《药品补充申请批准通知书》（通知书编号：2024B02407）和《总局关于仿制药质量和疗效一致性评价工作有关事项的公告》（2017年第100号），在本品说明书和标签上增加通过一致性评价标识。,上海市药品监督管理局,2024-06-07,已备案,详情
陕备2024020748,刺五加片,国药准字Z61020782,西安阿房宫药业股份有限公司,陕西省西咸新区沣西新城沣润西路2772号,西安阿房宫药业股份有限公司,陕西省西咸新区沣西新城沣润西路2772号,依据国家药监局《药品说明书适老化及无障碍改革试点工作方案》及《陕西省药品监督管理局关于开展药品说明书适老化及无障碍改革试点品种备案工作的通知》要求，按照《药品说明书（简化版）及药品说明书（大字版）编写指南》，将刺五加片药品说明书设计为“纸质药品说明书（简化版）+电子药品说明书（完整版）”格式，并在其药品说明书及药品最小销售单元包装上增加电子药品说明书二维码。,陕西省药品监督管理局,2024-06-07,已备案,详情
苏备2024021968,丙泊酚中/长链脂肪乳注射液,国药准字H20213012,扬子江药业集团有限公司,泰州市扬子江南路1号,扬子江药业集团有限公司,江苏省泰州市扬子江南路1号,依据《已上市化学药品药学变更研究技术指导原则（试行）》，申请新增本品辅料蛋黄卵磷脂（供注射用）供应商。,江苏省药品监督管理局,2024-06-12,已备案,详情
Y琼备2024022497,盐酸多巴酚丁胺,国药准字H46020128/Y20190004626,无,无,海南普利制药股份有限公司,海口市美兰区桂林洋经济开发区,盐酸多巴酚丁胺（国药准字：H46020128）有效期由36个月变更为48个月。,海南省药品监督管理局,2024-06-14,已备案,详情
陕备2024021329,肾石通颗粒(无糖型),国药准字Z20064465,杨凌生物医药科技股份有限公司,杨凌农业高新技术产业示范区新桥南路12号,杨凌生物医药科技股份有限公司,杨凌农业高新技术产业示范区新桥南路12号,我公司产品肾石通颗粒，根据国家局适老化及无障碍版本药品说明书要求，在原说明书和标签上增加说明书二维码，申请修改药品说明书和包装标签式样。,陕西省药品监督管理局,2024-06-14,已备案,详情
鄂备2024022626,天王补心丸(浓缩丸),国药准字Z42021441,湖北民康制药有限公司,湖北省宜昌市西坝路50号,湖北民康制药有限公司,湖北省宜昌市伍家岗区花艳一路1号,因药品生产许可证变更，更新药品注册批准文件载明的生产企业名称或地址。生产企业地址由湖北省宜昌市西坝路50号变更为湖北省宜昌市伍家岗区花艳一路1号,湖北省药品监督管理局,2024-06-14,已备案。该药品同时发生（药品生产工艺、处方、质量标准等）变更，获得批准或备案完成后方可生产上市。,详情
陕备2024022663,香连化滞丸,国药准字Z20025244,陕西汉王药业股份有限公司,陕西省汉中市汉台区经济开发区创智产业园高新大道6号,陕西汉王药业股份有限公司,陕西省汉中市汉台区（经济开发区北区）迎宾西路；陕西省汉中市汉台区经济开发区创智产业园高新大道6号,依据国家药监局《药品说明书适老化及无障碍改革试点工作方案》及《陕西省药品监督管理局关于开展药品说明书适老化及无障碍改革试点品种备案工作的通知》要求，将香连化滞丸药品说明书设计为“纸质药品说明书（完整版)+电子药品说明书（完整版）”格式，并在其药品说明书上增加电子药品说明书二维码，二维码下方标注“用微信扫描二维码可查看电子说明书”。,陕西省药品监督管理局,2024-06-14,已备案,详情
苏备2024022751,复方氨基酸注射液（18AA）,国药准字H19993869,江苏正大丰海制药有限公司,江苏省盐城市大丰区南翔西路266号,江苏正大丰海制药有限公司,江苏省盐城市大丰区南翔西路266号,根据《已上市化学药品药学变更研究技术指导原则（试行）》，本品包材注射液用卤化丁基橡胶塞(氯化)的供应商在“盛州医药包装材料科技(中国)有限公司”的基础上增加“江苏润德医用材料有限公司”。,江苏省药品监督管理局,2024-06-17,已备案,详情
Y冀备2024022709,阿奇霉素,Y20190009555,无,无,石药集团欧意药业有限公司,石家庄经济技术开发区扬子路88号,"申请备案变更本品的生产工艺（变更最后一步反应之前的工艺步骤中的反应试剂、溶剂种类、生产条件等（重大变更（4）除外），但原料药杂质谱保持一致）。我公司对申报资料的真实性、准确性、完整性负责，并将持续关注变更后产品安全性、有效性和质量可控性,必要时提出补充申请。",河北省药品监督管理局,2024-06-17,已备案,详情
渝备2024022256,紫杉醇注射液,国药准字H20054814,重庆莱美药业股份有限公司,重庆市南岸区玉马路99号,重庆莱美药业股份有限公司,重庆市南岸区玉马路99号,根据国家药品监督管理局《关于仿制药质量和疗效一致性评价工作有关事项的公告》（2017年第100号）及《关于“通过一致性评价”标识使用有关事宜的说明》（2018年第24号附件2）的相关要求，对药品说明书及标签增加“通过一致性评价”标识。,重庆市药品监督管理局,2024-06-18,已备案,详情
川备2024022551,氨基酸（15）腹膜透析液,国药准字H20213470,成都青山利康药业股份有限公司,成都高新区高朋大道14号,"成都青山利康药业股份有限公司,四川科伦药业股份有限公司","成都市双流区西航港空港五路2888号,四川省成都市新都卫星城工业开发区南二路","生产地址由“四川省成都市新都卫星城工业开发区南二路(软袋输液车间P线),成都市双流区西航港空港五路2888号输液车间B(大容量注射剂、冲洗剂B线)”变更为“四川省成都市新都卫星城工业开发区南二路,成都市双流区西航港空港五路2888号”。",四川省药品监督管理局,2024-06-24,已备案,详情
桂备2024023810,暑湿感冒颗粒,国药准字Z45021287,广西南珠制药有限公司,广西钦州市梅园路28号,广西南珠制药有限公司,广西钦州市钦南区留泉街5号,"一、与原说明书相比，此次修订的内容如下：
1、所有包装规格的说明书上的生产地址由“广西钦州市梅园路28号”变更为：“广西钦州市钦南区留泉街5号”。
2、其他文字内容不变。

二、与原包装标签相比，此次修订的内容如下：
1、所有包装规格的纸盒上生产地址由“广西钦州市梅园路28号”变更为：“广西钦州市钦南区留泉街5号”。
2、其他内容、图案均不变。",广西壮族自治区药品监督管理局,2024-06-25,已备案,详情
苏备2024024065,雷公藤总萜片,国药准字Z20026007,南京中山制药有限公司,南京市经济技术开发区恒发路21号,南京中山制药有限公司,南京市经济技术开发区恒发路21号,根据国家药品监督管理局于2012年11月2日颁布的国家药品标准（WS-10715(ZD-0715)-2002-2012Z），修订药品说明书与标签【规格】项。具体修订为：【规格】每片含雷公藤甲素20μg。,江苏省药品监督管理局,2024-06-26,已备案,详情
赣备2024000584,壮骨追风酒,国药准字Z36020656,江西众源药业有限公司,江西省吉安市吉州区工业园,江西众源药业有限公司,江西省吉安市吉州区工业园,壮骨追风酒适老化及无障碍版本说明书备案。,江西省药品监督管理局,2024-05-31,已备案,详情
苏备2024012805,复方硫酸软骨素片,国药准字H32025693,苏中药业集团股份有限公司,江苏省泰州市苏中路1号,苏中药业集团股份有限公司,江苏省泰州市苏中路1号,根据《已上市化学药品药学变更研究技术指导原则（试行）》，本品原料药“甘草浸膏”的供应商在“宝鸡金森制药有限公司”及“新疆富沃药业有限公司”的基础上增加“苏中药业集团股份有限公司”。,江苏省药品监督管理局,2024-04-12,已备案,详情
晋备2024014465,注射用头孢唑肟钠,国药准字H14023855,国药集团威奇达药业有限公司,大同市经济技术开发区、医药工业园区、高新技术产业园,国药集团威奇达药业有限公司,山西省大同市经济技术开发区医药工业园区,申请变更药品生产批量：注射用头孢唑肟钠1.0g（生产地址为山西省大同市经济技术开发区医药工业园区123车间Ⅰ线）在7.1万支/批的基础上申请增加14万支/批。,山西省药品监督管理局,2024-06-03,已备案,详情
冀备2024015888,盐酸乌拉地尔注射液,国药准字H20123353,河北一品制药股份有限公司,石家庄经济技术开发区三峡路,河北一品制药股份有限公司,石家庄经济技术开发区三峡路,备案本品5ml中硼硅玻璃安瓿增加供应商重庆正川永成医药材料有限公司。我公司对申报资料的真实性、准确性、完整性负责，并将持续关注变更后产品安全性、有效性和质量可控性，必要时提出补充申请。,河北省药品监督管理局,2024-05-30,已备案,详情
滇备2024018252,酚氨咖敏片,国药准字H53021978,云南昊邦制药有限公司,云南省昆明市昆明新城高新技术产业基地灯盏花街555号,云南昊邦制药有限公司,云南省昆明市昆明新城高新技术产业基地灯盏花街555号,根据市场需求，增加酚氨咖敏片（90片/瓶×1瓶/盒）使用商标为“昊邦”，修订说明书及标签。,云南省药品监督管理局,2024-05-17,已备案,详情
粤备2024017260,注射用右雷佐生,国药准字H20233114,中润药业有限公司,广州市黄埔区开源大道11号A3栋601室,山西普德药业有限公司,山西省大同经济技术开发区第一医药园区,本品有效期由24个月变更为36个月。,广东省药品监督管理局,2024-05-17,已备案,详情
津备2024018602,偏瘫复原丸,国药准字Z20073202,津药达仁堂京万红（天津）药业有限公司,天津市西青区大明道20号,津药达仁堂京万红（天津）药业有限公司,天津市西青区大明道20号,因药品生产许可证变更，更新药品注册批准文件载明的生产企业名称或地址。生产企业名称由天津达仁堂京万红药业有限公司变更为津药达仁堂京万红（天津）药业有限公司,天津市药品监督管理局,2024-05-17,已备案,详情
苏备2024017899,复方门冬维甘滴眼液,国药准字H20173045,苏州乐珠制药有限公司,苏州工业园区东延路56号,苏州乐珠制药有限公司,苏州工业园区东延路56号,根据《药品上市后变更管理办法（试行）》，备案内容为：药品上市许可持有人名称由“苏州工业园区天龙制药有限公司”变更为“苏州乐珠制药有限公司”，主体未变；药品上市许可持有人的注册地址名称由“苏州工业园区娄葑东区东延路”变更为“苏州工业园区东延路56号”，实际地址未变。,江苏省药品监督管理局,2024-06-14,已备案,详情
皖备2024015762,双唑泰栓,国药准字H34021088,安徽天洋药业有限公司,安徽省天长市天铜路46号,安徽天洋药业有限公司,安徽省天长市天铜路46号,在原供应商的基础上，新增广州市汉普医药有限公司作为克霉唑原料供应商。,安徽省药品监督管理局,2024-05-17,已备案,详情
苏备2024018107,注射用维库溴铵,国药准字H20066941,扬子江药业集团有限公司,泰州市扬子江南路1号,扬子江药业集团有限公司,江苏省泰州市扬子江南路1号,根据质量标准YBH06282022制定了稳定性考察方案，稳定性数据结果符合方案要求，现将本品的有效期由“18个月”变更为“24个月”。,江苏省药品监督管理局,2024-05-17,已备案,详情
滇备2024017747,通舒口爽胶囊,国药准字Z20026241,云南永孜堂制药有限公司,昭通市昭阳区工业园区（火车站连接线）,云南永孜堂制药有限公司,云南省昭通市工业园区（火车站连接线）,通舒口爽胶囊的说明书安全性内容变更及发明专利信息删除备案：1、说明书及24粒/盒、48粒/盒规格小盒上【不良反应】项由“尚不明确”变更为“监测数据显示，本品可见腹泻、呕吐、恶心等不良反应。”2、说明书及24粒/盒、48粒/盒规格小盒上【禁忌】项新增“2、对本品及所含成份过敏者禁用。”3、说明书【注意事项】由“1、饮食宜清淡，忌烟、酒及辛辣、生冷、油腻食物。2、不宜在服药期间同时服用滋补性中药。3、有高血压、心脏病、糖尿病、肝病、肾病等慢性疾病严重者应在医师指导下服用。4、本品不宜长期服用，服药3天症状无缓解，应去医院就诊。5、严格按用法用量服用，儿童、年老体弱者应在医师指导下服用。6、对本品过敏者禁用，过敏体质者慎用。7、本品性状发生改变时禁止使用。8、儿童必须在成人监护下使用。9、请将本品放在儿童不能接触的地方。10、如正在使用其他药品，使用本品前请咨询医师或药师。”变更为“1、饮食宜清淡，忌烟、酒及辛辣、生冷、油腻食物。2、不宜在服药期间同时服用滋补性中药。3、有高血压、心脏病、糖尿病、肝病、肾病等疾病者应在医师指导下服用。4、本品不宜长期服用，服药3天症状无缓解，应去医院就诊。5、严格按用法用量服用，年老体弱者应在医师指导下服用。6、过敏体质者慎用。7、本品性状发生改变时禁止使用。8、请将本品放在儿童不能接触的地方。9、如正在使用其他药品，使用本品前请咨询医师或药师。”4、48粒/盒规格小盒上【注意事项】项新增“2、不宜在服药期间同时服用滋补性中药。”,云南省药品监督管理局,2024-05-17,已备案,详情
苏备2024018232,苦参碱栓,国药准字H32026378,江苏信孚制药有限公司,无锡市新吴区菱湖大道97-1兴业楼B栋2楼,江苏信孚制药有限公司,无锡市新吴区新瑞路6号、7号,根据《药品注册管理办法》变更苦参碱栓的药品注册证中上市许可持有人名称及注册地址，上市许可持有人名称由“无锡曙辉药业有限公司”变更为“江苏信孚制药有限公司”，注册地址由“无锡市新吴区新泰路8号A栋B区301”变更为“无锡市新吴区菱湖大道97-1兴业楼B栋2楼”,江苏省药品监督管理局,2024-05-17,已备案,详情
赣备2024014059,健脾八珍糕,国药准字Z36020102,江西百神药业股份有限公司,江西省宜春市袁州区江西省袁州医药工业园,江西百神药业股份有限公司,江西省宜春市袁州医药工业园:：颗粒剂（B线，C线）（含中药前处理及提取），糖浆剂，丸剂（蜜丸、水蜜丸、水丸、浓缩丸），锭剂，片剂，硬胶囊剂，中药饮片（A线）（净制、切制、炒制、炙制、煅制、蒸制、制炭、制霜、煮制、炖制），原料药（匹多莫德、泮托拉唑镁、盐酸阿罗洛尔、丁苯酞），中药饮片（含毒性饮片，净制、切制、蒸制、煮制），颗粒剂（中药配方颗粒）、中药饮片（B线）（净制、切制、炒制、炙制、煅制、蒸制、制炭、制霜、煮制、炖制、煨制、煇制、发酵、发芽；含直接口服饮片；含直接口服饮片：酒制蜂胶）**,说明书变更。说明书依据《国家药监局关于发布药品说明书适老化及无障碍改革试点工作方案的公告(2023年第142号)》的要求，进行适老化及无障碍版本说明书（完整版）及电子药品说明书（完整版）备案。,江西省药品监督管理局,2024-05-20,已备案,详情
黑备2024015156,护肝片,国药准字Z23020877,哈尔滨九真堂制药有限公司,五常市牛家镇华雨路1号,哈尔滨九真堂制药有限公司,五常市牛家镇华雨路1号,变更护肝片药品上市许可持有人和药品生产企业名称：由哈尔滨华雨制药集团有限公司变更为哈尔滨九真堂制药有限公司,黑龙江省药品监督管理局,2024-05-17,已备案,详情
川备2024012121,酒石酸布托啡诺注射液,国药准字H20243407,成都苑东生物制药股份有限公司,成都高新区西源大道8号,成都苑东生物制药股份有限公司,成都高新区西源大道8号,酒石酸布托啡诺注射液(规格:2ml:4mg)有效期由18个月变更为24月，说明书及包装标签按规定修订。,四川省药品监督管理局,2024-05-20,已备案,详情
津备2024018772,甲硝唑片,国药准字H12020165,天津力生制药股份有限公司,天津市西青经济开发区赛达北一道16号,天津力生制药股份有限公司,天津市西青经济开发区赛达北一道16号,天津力生制药股份有限公司申请变更甲硝唑片包装标签式样，增加“中华老字号”标识。,天津市药品监督管理局,2024-05-20,已备案,详情
滇备2024019106,生脉饮（党参方）,国药准字Z20044150,云南白药集团股份有限公司,云南省昆明市呈贡区云南白药街3686号,云南白药集团股份有限公司,云南省昆明市呈贡新区云南白药集团股份有限公司,在说明书及纸盒上增加“开盖方法”图标，对包装标签说明书进行备案。,云南省药品监督管理局,2024-05-21,已备案,详情
粤备2024017200,众生片,国药准字Z20090677,广东奇灵制药有限公司,普宁市云落镇,广东奇灵制药有限公司,普宁市云落镇红光村国道广汕公路边,本品为《国家药监局公布药品说明书适老化及无障碍改革试点名单（第一批）》名单品种，序号：494，修订方式为试点方式3，备案药品说明书（简化版）及电子药品说明书（完整版），药品说明书（简化版）引用药品说明书（完整版）“药品名称、成份、性状、适应症、规格、用法用量、禁忌、贮藏、药品上市许可持有人”项目，只涉及字体和格式的调整，此次备案说明书内容与原备案说明书内容一致。,广东省药品监督管理局,2024-05-21,已备案,详情
赣备2024016727,排石利胆颗粒,国药准字Z20083126,江西汪氏药业有限公司,江西省南昌市新建区经开区坚磨大道1588号,江西汪氏药业有限公司,江西省南昌市新建经济开发区坚磨大道1588号,根据药品变更要求，药品上市许可持有人变更排石利胆颗粒的有效期，由原来的“18个月有效期”变更为“24个月有效期”，并对说明书，包装标签进行修订。,江西省药品监督管理局,2024-05-21,已备案,详情
鄂备2024013824,氟脲嘧啶注射液,国药准字H20243002,吉斯美（武汉）制药有限公司,武汉东湖新技术开发区高新大道858号生物医药园,吉斯美（武汉）制药有限公司,湖北省武汉东湖新技术开发区高新大道858号生物医药园A1-1,申请延长有效期由12个月变更为24个月。涉及修改部分：说明书有效期需由12个月变更为24个月。,湖北省药品监督管理局,2024-05-21,已备案,详情
渝备2024017879,法莫替丁片,国药准字H10940154,重庆青阳药业有限公司,重庆市江北区港安二路2号1幢7-1,重庆青阳药业有限公司,重庆市合川区九峰山路400号 四川省广安市岳池县九龙镇城南工业园区狮子坡路同天段11号,有效期由18个月变更为24个月。,重庆市药品监督管理局,2024-05-21,已备案,详情
粤备2024017281,注射用头孢呋辛钠,国药准字H19990004,国药集团致君（深圳）制药有限公司,深圳市龙华新区观澜高新园区澜清一路16号,国药集团致君（深圳）制药有限公司,深圳市龙华新区观澜高新园区澜清一路16号,增加本品制剂所用原料药供应商：齐鲁安替制药有限公司，同时新增中硼硅玻璃管制注射剂瓶供应商：成都市金鼓药用包装有限公司；注射用无菌粉末用溴化丁基橡胶塞供应商：湖北华强科技股份有限公司；抗生素瓶用铝塑组合盖供应商：珠海市华鹰药用包装材料有限公司。,广东省药品监督管理局,2024-05-21,已备案,详情
琼备2024018509,注射用盐酸万古霉素,国药准字H20243660,海南普利制药股份有限公司,海口市美兰区桂林洋经济开发区,海南普利制药股份有限公司,海口市美兰区桂林洋经济开发区,注射用盐酸万古霉素（规格：0.5g（50万单位）（按C66H75Cl2N9O24计），国药准字H20243660）有效期由18个月变更为24个月,海南省药品监督管理局,2024-05-22,已备案,详情
青备2024016467,消肿片,国药准字Z63020182,青海省格拉丹东药业有限公司,青海生物科技产业园经三路6号,青海省格拉丹东药业有限公司,青海生物科技产业园经三路6号,在原包装规格基础上增加0.325g×12片×2板/盒的包装规格。,青海省药品监督管理局,2024-05-22,已备案,详情
琼备2024021049,注射用头孢呋辛钠,国药准字H20067360,海南广升誉制药有限公司,海南省海口市保税区南海大道100号美国工业村3号厂房一层3-6号,"海南广升誉制药有限公司,深圳信立泰药业股份有限公司","海口市金盘工业开发区美国工业村3号,深圳市宝安区西乡镇凤凰岗华宝工业区1号","因药品生产许可证变更，更新药品注册批准文件载明的生产企业名称或地址。生产企业名称由海南广升誉制药有限公司；深圳信立泰药业股份有限公司变更为海南广升誉制药有限公司,深圳信立泰药业股份有限公司;生产企业地址由海口市金盘工业开发区美国工业村3号；深圳市宝安区西乡镇凤凰岗华宝工业区1号变更为海口市金盘工业开发区美国工业村3号,深圳市宝安区西乡镇凤凰岗华宝工业区1号",海南省药品监督管理局,2024-05-23,已备案。该药品同时发生（药品生产工艺、处方、质量标准等）变更，获得批准或备案完成后方可生产上市。,详情
粤备2024017624,奥氮平片,国药准字H20203494,广东东阳光药业股份有限公司,广东省东莞市松山湖园区工业北路1号,"广东东阳光药业股份有限公司,宜昌东阳光长江药业股份有限公司","广东省东莞市松山湖园区工业北路1号,湖北省宜昌宜都市东阳光3号工业园",将本品生产用辅料交联聚维酮的N-乙烯-2-吡咯烷酮和含量检测方法变更为2020版《中国药典》四部方法。,广东省药品监督管理局,2024-05-23,已备案,详情
浙备2024018373,复方聚乙二醇电解质散（Ⅲ）,国药准字H20243621,浙江诺得药业有限公司,浙江省台州市黄岩区江口街道鑫源路8号,浙江诺得药业有限公司,浙江省台州市黄岩区江口街道鑫源路8号,1.药品有效期由“18个月”变更为“24个月”，并对本品说明书进行相应修订；2.在包装标签中增加“通过一致性评价”标识。,浙江省药品监督管理局,2024-05-23,已备案,详情
晋备2024018406,小活络丸,国药准字Z20204059,山西辅仁恒峰药业有限公司,山西省万荣县恒磁工业园区华康南路7-1号,山西辅仁恒峰药业有限公司,山西省万荣县恒磁工业园区华康南路7-1号,申请说明书及包装标签备案：现增加包装规格：3克/丸×12丸/盒，商标：青春康源，对说明书及包装标签进行备案。,山西省药品监督管理局,2024-05-23,已备案,详情
青备2024017226,大月晶丸,国药准字Z63020050,金诃藏药股份有限公司,西宁市纬二路22号（青海生物科技产业园）,金诃藏药股份有限公司,西宁市纬二路22号（青海生物科技产业园）,依据国家药品监督管理局《药品补充申请批准通知书》（编号：2024B01242）变更药品说明书中安全性信息等内容通知书要求，申请对大月晶丸标签、说明书修订其警示语、【不良反应】、【禁忌】及【注意事项】。,青海省药品监督管理局,2024-05-23,已备案,详情
豫备2024018782,硫辛酸注射液,国药准字H20213741,天方药业有限公司,驻马店市驿城区光明路2号,天方药业有限公司,驻马店市驿城区光明路2号,延长硫辛酸注射液（24ml：0.6g）有效期至18个月，同时对说明书和包装标签按规定修订。,河南省药品监督管理局,2024-05-24,已备案,详情
桂备2024019413,小儿感冒颗粒,国药准字Z45020936,恒拓集团南宁仁盛制药有限公司,广西-东盟经济技术开发区长岗大道69号,恒拓集团南宁仁盛制药有限公司,广西-东盟经济技术开发区长岗大道69号,"一、说明书
12克/袋×7袋/盒：
新设计的说明书，印于盒子上，版面调整，更换商标和销售电话，其余文字内容均不变。
二、包装标签
12克/袋×7袋/盒：
内标签防潮袋和外包装盒子均为新设计式样，版面不同商标变更，其余文字内容均符合国家药监局24号令及小儿感冒颗粒质量标准要求，并与备案说明书文字内容保持一致。",广西壮族自治区药品监督管理局,2024-05-24,已备案,详情
赣备2024018637,抗骨质增生丸,国药准字Z36021748,江西药都樟树制药有限公司,江西省樟树市福城工业园区,江西药都樟树制药有限公司,生产地址一：江西省樟树市福城工业园区；生产地址二：江西省樟树市仁和路36号,生产场地变更。具体变更：在生产地址“江西省樟树市福城工业园”的基础上增加“江西省樟树市仁和路36号”的生产地址，药品说明书、标签相应内容同步变更备案。由于本品长期未生产及变更生产场地，暂不得生产上市。按相关技术指导原则要求进行研究、评估和必要的验证，依法经批准或备案后方可上市销售。,江西省药品监督管理局,2024-05-27,已备案,详情
苏备2024019619,盐酸利多卡因胶浆,国药准字H10880008,济川药业集团有限公司,泰兴市大庆西路宝塔湾,济川药业集团有限公司,泰兴市大庆西路宝塔湾,变更生产工艺，细化羧甲纤维素钠研磨过程，研磨设备及研磨参数未变更,江苏省药品监督管理局,2024-05-27,已备案,详情
滇备2024019294,替硝唑氯化钠注射液,国药准字H20034094,昆明南疆制药有限公司,昆明市官渡工业园区大板桥国际印刷包装城,四川科伦药业股份有限公司,成都市新都卫星城工业开发区南二路,对昆明南疆制药有限公司委托四川科伦药业股份有限公司生产替硝唑氯化钠注射液（规格：100ml：替硝唑0.4 g与氯化钠 0.9g，包装：直立式聚丙烯输液袋）产品使用的说明书、标签进行备案。,云南省药品监督管理局,2024-05-27,已备案,详情
鲁备2024018990,厄贝沙坦片,国药准字H20203592,山东新华制药股份有限公司,淄博市高新技术产业开发区化工区,"湖南九典制药股份有限公司,新华制药（高密）有限公司","长沙市浏阳经济技术开发区健康大道1号,山东省潍坊市高密市高密高新技术产业开发区高新二路（西）6号",增加湖南威特制药股份有限公司为我公司厄贝沙坦片厄贝沙坦原料药的供应商。,山东省药品监督管理局,2024-05-27,已备案,详情
川备2024011384,重酒石酸间羟胺注射液,国药准字H20223250,成都欣捷高新技术开发股份有限公司,成都高新区冯家湾工业园科园南路88号B7栋5楼,四川美大康佳乐药业有限公司,成都高新区西部园区西芯大道15号,申请将重酒石酸间羟胺注射液（规格：1ml：10mg（按C₉H₁₃NO₂计）；批准文号：国药准字H20223250）有效期由24个月变更为36个月，并按规定修订说明书和包装标签。,四川省药品监督管理局,2024-05-27,已备案,详情
琼备2024019252,孟鲁司特钠咀嚼片,国药准字H20203124（5mg(以C35H36CINO3S计)） 国药准字H20203123（4mg(以C35H36CINO3S计)）,齐鲁制药（海南）有限公司,海口市国家高新区南海大道273号-A,齐鲁制药（海南）有限公司,海口市国家高新区南海大道273号-A,变更制剂生产工艺：变更孟鲁司特钠咀嚼片制剂中间体内控标准的分析方法，但不降低制剂的质量控制水平。,海南省药品监督管理局,2024-05-27,已备案,详情
豫备2024019693,羧甲司坦片,国药准字H14020344,河南大新药业有限公司,新乡县小冀镇工业路8号,河南大新药业有限公司,新乡县小冀镇工业路8号,将羧甲司坦片（规格：0.25g；国药准字H14020344）生产企业：由“山西新星制药有限公司”变更为“河南大新药业有限公司”；生产地址：由“山西省侯马经济开发区香邑大街5号”变更为“新乡县小冀镇工业路8号”同时对该药品的说明书、标签、包装做相应的修改。,河南省药品监督管理局,2024-05-28,已备案,详情
粤备2024019089,丙酸氯倍他索乳膏,国药准字H10880013,广东华润顺峰药业有限公司,佛山市顺德区大良街道金桔嘴,广东华润顺峰药业有限公司,顺德区大良街道金桔嘴,变更本品处方中的辅料，增加“单双硬脂酸甘油酯”的供应商“江西益普生药业有限公司”。,广东省药品监督管理局,2024-05-28,已备案,详情
赣备2024018852,八珍益母丸,国药准字Z36021685,江西药都樟树制药有限公司,江西省樟树市福城工业园区,江西药都樟树制药有限公司,江西省樟树市福城工业园区；江西省樟树市仁和路36号,生产场地变更。具体变更：在生产地址“江西省樟树市福城工业园区”基础上增加“江西省樟树市仁和路36号”的生产地址，药品说明书、标签相应内容同步进行备案。由于本品长期未生产及变更生产场地，暂不得生产上市。按相关技术指导原则要求进行研究、评估和必要的验证，依法经批准或备案后方可上市销售。,江西省药品监督管理局,2024-05-28,已备案,详情
鄂备2024018327,宁嗽露,国药准字Z42020760,湖北纽兰药业有限公司,湖北省武汉市东西湖区吴家山台商投资区东吴大道36号（6）,湖北纽兰药业有限公司,武汉市东西湖区吴家山台商投资区,在原包装规格基础上增加每瓶装140毫升的包装规格，同时修订说明书和标签相关内容,湖北省药品监督管理局,2024-05-28,已备案,详情
豫备2024020072,维生素B6片,国药准字H41022942,河南生命鸟药业有限公司,太康县建设路南段,河南生命鸟药业有限公司,太康县建设路南段,申请将本品种的药品上市许可持有人/生产企业企业名称由“河南雪樱花制药有限公司”变更为“河南生命鸟药业有限公司”。,河南省药品监督管理局,2024-05-28,已备案,详情
鲁备2024019046,甲钴胺片,国药准字H20051425,辰欣药业股份有限公司,济宁高新区同济科技工业园,辰欣药业股份有限公司,济宁高新区海川路,根据《国家药监局关于发布药品说明书适老化及无障碍改革试点工作方案的公告》（2023年第142号）和《药品说明书适老化及无障碍改革试点名单（第一批）》，对本品药品说明书（简化版）进行备案，同时提供电子药品说明书（完整版）。包装标签进行相应修订。,山东省药品监督管理局,2024-05-28,已备案,详情
鄂备2024007917,注射用奥美拉唑钠,国药准字H20058464,武汉天安医药科技有限公司,武汉市东湖新技术开发区武大园路5-2号国家地球空间信息产业基地北主楼1单元6层01号,福安药业集团湖北人民制药有限公司,湖北省武汉市东西湖区柏泉祁家山特1号,1、注射用奥美拉唑钠需在60000瓶、147000瓶生产批量基础上，新增生产批量78000瓶， 2、注射用奥美拉唑钠新增生产场地：注射剂2车间冻干粉针剂生产线，生产场地变更相关生产设备同步变更，属于相同设计和原理的设备替代另一设备且无工艺参数变更的微小变更如下：（1）配液系统由南京金日轻工科技发展有限公司的600L配料罐、300L中间储罐、30L无菌储罐变更为楚天科技股份有限公司的800L配料罐、600L中间储罐和5L无菌储罐（2）冻干机由山东新华医疗器械股份有限公司LYOLINER-40冻干机和LMB-FX-30HLT冻干机 ，上海舒博拉尼制药设备有限公司LYO-Basic30冻干机变更为东富龙科技集团股份有限公司LYO-35型真空冷冻干燥机。（3）器具清洗相关设备由山东新华医疗器械股份有限公司的PQXCH-109598器具清洗机、GDC-1.2B干热灭菌柜、XG1.GMA-1.0脉动真空灭菌器变更为山东新华医疗器械股份有限公司的YQG-S-V-0.9-H制药用器具清洗干燥机、SGLS-A-990D蒸汽灭菌器。 3、注射用奥美拉唑钠：注射剂2车间冻干粉针剂生产线，生产场地变更相关生产设备同步变更，属于相同设计和原理的设备替代另一设备但仅涉及设备设置参数不影响制剂关键质量属性的中等变更如下：（1）洗瓶机、隧道烘箱由楚天科技股份有限公司的KQCL140立式超声波洗瓶机变更为KQCLS20/6型立式超声波清洗机，隧道烘箱网带速度由“130~280mm/min”变更为“130-320mm/min”（2）胶塞清洗机由温州亚光机械制造有限公司的KJCS-26ES胶塞清洗机变更为浙江亚光科技股份有限公司KJQS-24E全自动湿法气冲式胶塞清洗机，清洗能力由“18万只/批(20- D3)”变更为“24万只/批(20- D3)”，（3）铝盖清洗机由温州亚光机械制造有限公司的KJSZ-18ES铝盖清洗机变更为浙江亚光科技股份有限公司KJSL-24E全自动湿法气冲式铝盖清洗机，清洗能力由“10万只/批”变更为“24万只/批”（4）灌装加塞机由楚天科技股份有限公司的KGS16/20-X11抗生素瓶灌装加塞机变更为楚天科技股份有限公司的KGSA12/16灌装加塞机，生产能力由“500/min”变更为“450/min”，配置由“20灌装头，灌装精度±3%”变更为“16灌装头，灌装精度±2%”（5） 轧盖机由楚天科技股份有限公司的ZG400E(A)型抗生素瓶轧盖机变更为ZG16型轧盖机，轧盖能力由“400瓶/min”变更为“450瓶/min”。(6)在人工灯检的基础上增加自动灯检。,湖北省药品监督管理局,2024-05-28,已备案,详情
鲁备2024019537,二甲双胍格列本脲胶囊（Ⅰ）,国药准字H20041939,山东齐都药业有限公司,山东省淄博市临淄区宏达路17号,山东齐都药业有限公司,山东省淄博市临淄区宏达路17号,根据《国家药监局关于发布药品说明书适老化及无障碍改革试点工作方案的公告》（2023年第142号）和《药品说明书适老化及无障碍改革试点名单（第一批）》，对本品药品说明书（完整版）进行备案，同时提供电子药品说明书（完整版）。,山东省药品监督管理局,2024-05-28,已备案,详情
豫备2024020113,阿司匹林肠溶片,国药准字H41022938,河南生命鸟药业有限公司,太康县建设路南段,河南生命鸟药业有限公司,太康县建设路南段,申请将本品种的药品上市许可持有人/生产企业企业名称由“河南雪樱花制药有限公司”变更为“河南生命鸟药业有限公司”。,河南省药品监督管理局,2024-05-28,已备案,详情
豫备2024020088,萘普生片,国药准字H41022949,河南生命鸟药业有限公司,太康县建设路南段,河南生命鸟药业有限公司,太康县建设路南段,申请将本品种的药品上市许可持有人/生产企业企业名称由“河南雪樱花制药有限公司”变更为“河南生命鸟药业有限公司”。,河南省药品监督管理局,2024-05-28,已备案,详情
沪备2024021270,人凝血酶原复合物,国药准字S10970050,诺一生物医药股份有限公司,上海市闵行区昆阳路1508号第2幢11层1108室,诺一生物医药股份有限公司,中国（上海）自由贸易试验区南洋泾路518号,因药品生产许可证变更，更新药品注册批准文件载明的生产企业名称或地址。,上海市药品监督管理局,2024-05-29,已备案,详情
沪备2024021281,人血白蛋白,国药准字S10930013,诺一生物医药股份有限公司,上海市闵行区昆阳路1508号第2幢11层1108室,诺一生物医药股份有限公司,中国（上海）自由贸易试验区南洋泾路518号,因药品生产许可证变更，更新药品注册批准文件载明的生产企业名称或地址。,上海市药品监督管理局,2024-05-29,已备案,详情
陕备2024018791,清热解毒片,国药准字Z61021021,陕西紫光辰济药业有限公司,陕西省宝鸡市金台区中山西路78号,陕西紫光辰济药业有限公司,陕西省宝鸡市宝平路14公里处,"根据《处方药与非处方药分类管理办法（试行）》（原国家药品监督管理局令第10号）规定，修订说明书中项目，其内容为：
4、【不良反应】监测数据显示，本品可见以下不良反应报告：恶心、呕吐、腹泻、腹痛、腹部不适、皮疹、瘙痒、头晕、头痛等。 
5、【禁忌】1.孕妇禁用。2.对本品及所含成份过敏者禁用。
6、【注意事项】1.忌烟、酒及辛辣、生冷、油腻食物。2.不宜在服药期间同时服滋补性中药。3.风寒感冒者不适用，其表现为恶寒重，发热轻，无汗，头痛，鼻塞，流清涕，喉痒咳嗽。4.高血压、心脏病、肝病、肾病、糖尿病等患者应在医生指导下服用。5.脾胃虚寒，症见腹痛、喜暖、泄泻者慎用。6.服药3天后或服药期间症状无改善，或症状加重，或出现新的严重症状如胸闷、心悸等应立即停药，并去医院就诊。7.按照用法用量服用，本品不宜与其他清热解毒制剂同时服用。8.儿童、年老体弱者应在医师指导下服用。9.发热体温超过8.5℃的患者，应去医院就诊。10.过敏体质者慎用。11.本品性状发生改变时禁止使用。12.儿童必须在成人监护下使用。13.请将本品放在儿童不能接触的地方。14.如正在使用其他药品，使用本品前请咨询医师或药师。",陕西省药品监督管理局,2024-05-29,已备案,详情
粤备2024003215,林可霉素利多卡因凝胶,国药准字H44024940,广东恒健制药有限公司,广东省江门市龙溪路117号,广东恒健制药有限公司,广东省江门市龙溪路117号,本品依据药品再注册批件（批件号：2019R002853）要求，恢复生产上市。,广东省药品监督管理局,2024-05-29,已备案,详情
Y苏备2024020111,酒石酸伐尼克兰,Y20200000047,无,无,江苏豪森药业集团有限公司,连云港经济技术开发区大浦工业区开泰路,根据注册标准制定了稳定性考察方案，稳定性数据结果符合方案要求，现将原料药酒石酸伐尼克兰的有效期由“24个月”变更为“36个月”。,江苏省药品监督管理局,2024-05-30,已备案,详情
皖备2024019895,人血白蛋白,国药准字S10980015,绿十字（中国）生物制品有限公司,安徽省淮南市经济技术开发区国庆东路26号,绿十字（中国）生物制品有限公司,安徽省淮南市经济技术开发区国庆东路26号,在原压滤机及用途不变的情况下，新增2台压滤机,安徽省药品监督管理局,2024-05-30,已备案,详情
苏备2024020129,盐酸雷莫司琼注射液,国药准字H20059401,江苏吴中医药集团有限公司苏州制药厂,苏州市吴中区东吴南路2-1号,江苏吴中医药集团有限公司苏州制药厂,苏州市吴中区东吴南路2-1号,盐酸雷莫司琼注射液注册标准由“国家食品药品监督管理总局国家药品标准WS1-XG-012-2015”变更为“中国药典2020年版第一增补本”。,江苏省药品监督管理局,2024-05-30,已备案,详情
鄂备2024020514,复方氨基酸注射液(18AA-Ⅴ),国药准字H20133089,湖北长联杜勒制药有限公司,湖北省宜昌市夷陵区夷兴大道180号,湖北长联杜勒制药有限公司,湖北省宜昌市夷陵区夷兴大道180号3幢,因药品生产许可证变更，更新药品注册批准文件载明的生产企业名称或地址。生产企业地址由宜昌市夷陵区夷兴大道180号变更为湖北省宜昌市夷陵区夷兴大道180号3幢,湖北省药品监督管理局,2024-05-30,已备案,详情
苏备2024020174,间苯三酚注射液,国药准字H20243023,南京济群医药科技股份有限公司,江苏省南京市江宁区龙眠大道568号（江宁高新园）,远大医学营养科学（武汉）有限公司,湖北省武汉市东西湖区潇湘西路1号,1、本品生产企业名称发生文字性变更，由“远大生命科学（武汉）有限公司”变更为“远大医学营养科学（武汉）有限公司”；2、根据国家局《关于“通过一致性评价”标识使用有关事宜的说明》，在说明书标签中增加“仿制药一致性评价”标识。,江苏省药品监督管理局,2024-05-31,已备案,详情
桂备2024020156,复方穿心莲片,国药准字Z45021615,广西圣特药业有限公司,广西柳州市柳城县大埔镇河西大道延长线10号,广西圣特药业有限公司,广西柳州市柳城县大埔镇河西大道延长线10号,"1、 说明书：商标变更为“仁和”，其他内容无改变。
2、包装标签：由浅蓝色及绿色做底，配上葫芦内镶嵌制药古画图案构成整个版面，商标变更为“仁和”。
3、其它内容无改变。",广西壮族自治区药品监督管理局,2024-05-31,已备案,详情
桂备2024020154,天王补心丸,国药准字Z45020648,广西梧州三鹤药业股份有限公司,梧州市富民二路28号,广西梧州三鹤药业股份有限公司,梧州市富民二路28号,"1、在说明书和纸盒上增加“中华老字号”标识。
2、在纸盒背面上增加“药品上市许可持有人”项，详细内容如下：
【药品上市许可持有人】
名称：广西梧州三鹤药业股份有限公司
地址：梧州市富民二路28号
3、在纸盒背面增加“生产企业”项，其内容如下：
【生产企业】广西梧州三鹤药业股份有限公司
4、删除纸盒背面的“E-mail:3he@3he.com.cn”的字样和“广西梧州三鹤药业股份有限公司”的图标。
5、将纸盒上的“中国药品电子监管码”字样修改为“药品追溯码 支付宝扫一扫”。",广西壮族自治区药品监督管理局,2024-05-31,已备案,详情
琼备2024020781,伏格列波糖片,国药准字H20213711,海南皇隆制药股份有限公司,海南省海口国家高新技术产业开发区药谷三横路8号,海南皇隆制药股份有限公司,海南省海口国家高新技术产业开发区药谷三横路8号,伏格列波糖片变更制剂生产工艺：增加铝塑包装工序、枕包装工序的工艺参数。,海南省药品监督管理局,2024-05-31,已备案,详情
赣备2024019039,注射用头孢呋辛钠,国药准字H20030717,南昌立健药业有限公司,江西省南昌经济技术开发区龙潭路22号,"深圳立健药业有限公司,南昌立健药业有限公司","深圳市龙华区大浪街道同胜社区园富路1号,江西省南昌经济技术开发区龙潭路22号",申请增加深圳信立泰药业股份有限公司为注射用头孢呋辛钠原料药供应商。,江西省药品监督管理局,2024-05-31,已备案,详情
苏备2024020553,氟唑帕利胶囊,国药准字H20200014,江苏恒瑞医药股份有限公司,连云港经济技术开发区黄河路38号,江苏恒瑞医药股份有限公司,连云港经济技术开发区黄河路38号；连云港经济技术开发区临港产业区东晋路,根椐国家药监局颁发药品注册证书（证书编号：2024S00861），修订说明书和标签上的【适应症】，修订说明书上的【用法用量】、【不良反应】、【注意事项】、【老年用药】、【药物相互作用】、【临床药理】、【临床试验】等项目，与国家药监局批准的说明书保持一致。,江苏省药品监督管理局,2024-05-31,已备案,详情
桂备2024019774,小柴胡颗粒,国药准字Z45020882,广西鸿博原生制药有限公司,广西隆安县城厢镇宝塔路6号,广西鸿博原生制药有限公司,广西隆安县城厢镇宝塔路6号,"1、根据市场反馈和消费者需求修改小柴胡颗粒10克/袋X18袋/盒的包装标签样式；
2、样稿见申请表附件。",广西壮族自治区药品监督管理局,2024-05-31,已备案,详情
苏备2024020467,甘油磷酸钠注射液,国药准字H10950042,费森尤斯卡比华瑞制药有限公司,江苏省无锡市滨湖区马山北闸路16号,费森尤斯卡比华瑞制药有限公司,江苏省无锡市滨湖区马山北闸路16号,根据《已上市化学药品药学变更研究技术指导原则（试行）》，本品检漏方法在“色水法检漏后灯检剔除”的基础上增加“高压放电法”。,江苏省药品监督管理局,2024-05-31,已备案,详情
辽备2024020522,甲硝唑氯化钠注射液,国药准字H20174031,辽宁民康制药有限公司,辽宁省大连炮台经济开发区光彩街1号,辽宁民康制药有限公司,大连炮台经济开发区光彩街1号,甲硝唑原料在合格供应商“湖北省宏源药业科技股份有限公司”基础上增加“河北广祥制药有限公司”，氯化钠原料在合格供应商“河北华晨药业集团有限公司”基础上增加“中盐云虹湖北制药股份有限公司”。,辽宁省药品监督管理局,2024-05-31,已备案,详情
豫备2024020175,替米沙坦片,国药准字H20060669,北京天衡药物研究院南阳天衡制药厂,河南省邓州市南环路东段,北京天衡药物研究院南阳天衡制药厂,邓州市南环路东段,替米沙坦片（40mg）原料药增加供应商“湖南威特制药股份有限公司”。,河南省药品监督管理局,2024-06-03,已备案,详情
粤备2024020554,口炎清颗粒,国药准字Z44021730,广州白云山和记黄埔中药有限公司,广州市白云区沙太北路389号,广州白云山和记黄埔中药有限公司,广州市沙太北路389号,本品有效期由24个月变更为36个月，说明书和包装标签有效期项按规定修订。,广东省药品监督管理局,2024-06-04,已备案,详情
吉备2024021187,麻杏止咳片,国药准字Z20027221,吉林省抚松制药股份有限公司,吉林省抚松县抚松镇松山街375号,吉林省抚松制药股份有限公司,吉林省抚松县抚松镇松山街375号,因药品生产许可证变更，更新药品注册批准文件载明的生产企业名称或地址。生产企业地址由抚松县抚松镇松山街375号变更为吉林省抚松县抚松镇松山街375号,吉林省药品监督管理局,2024-06-04,已备案,详情
吉备2024021188,复方丹参片,国药准字Z22024664,吉林省抚松制药股份有限公司,吉林省抚松县抚松镇松山街375号,吉林省抚松制药股份有限公司,吉林省抚松县抚松镇松山街375号,因药品生产许可证变更，更新药品注册批准文件载明的生产企业名称或地址。生产企业地址由抚松县抚松镇松山街375号变更为吉林省抚松县抚松镇松山街375号,吉林省药品监督管理局,2024-06-04,已备案,详情
吉备2024021162,太极丸,国药准字Z22024338,吉林省抚松制药股份有限公司,吉林省抚松县抚松镇松山街375号,吉林省抚松制药股份有限公司,吉林省抚松县抚松镇松山街375号,因药品生产许可证变更，更新药品注册批准文件载明的生产企业名称或地址。生产企业地址由抚松县抚松镇松山街375号变更为吉林省抚松县抚松镇松山街375号,吉林省药品监督管理局,2024-06-04,已备案,详情
吉备2024021150,人参茎叶总皂苷片(人参茎叶皂苷片),国药准字Z20026641,吉林省抚松制药股份有限公司,吉林省抚松县抚松镇松山街375号,吉林省抚松制药股份有限公司,吉林省抚松县抚松镇松山街375号,因药品生产许可证变更，更新药品注册批准文件载明的生产企业名称或地址。生产企业地址由抚松县抚松镇松山街375号变更为吉林省抚松县抚松镇松山街375号,吉林省药品监督管理局,2024-06-04,已备案,详情
Y鲁备2024020235,阿戈美拉汀,Y20220000941,无,无,山东锐顺药业有限公司,山东省泰安市高新区配天门大街3577号,本品的有效期由18个月变更为24个月，标签有效期项进行相应修订。,山东省药品监督管理局,2024-06-04,已备案,详情
吉备2024021148,驱风药酒,国药准字Z22024322,吉林省抚松制药股份有限公司,吉林省抚松县抚松镇松山街375号,吉林省抚松制药股份有限公司,吉林省抚松县抚松镇松山街375号,因药品生产许可证变更，更新药品注册批准文件载明的生产企业名称或地址。生产企业地址由抚松县抚松镇松山街375号变更为吉林省抚松县抚松镇松山街375号,吉林省药品监督管理局,2024-06-04,已备案,详情
浙备2024020721,他达拉非片,国药准字H20243648,浙江康恩贝制药股份有限公司,浙江省兰溪市康恩贝大道1号,浙江康恩贝制药股份有限公司,浙江省兰溪市康恩贝大道1号,本品有效期由24个月延长至36个月，并对说明书作相应修订。,浙江省药品监督管理局,2024-06-04,已备案,详情
滇备2024020805,消炎退热颗粒,国药准字Z53020486,云南龙发制药股份有限公司,云南省楚雄市鹿城南路384号,云南龙发制药股份有限公司,云南省楚雄市鹿城南路384号,"消炎退热颗粒（12×10克/袋/盒，100盒/箱）说明书及标签备案：
（1）生产企业由原“委托方企业名称：云南龙发制药有限公司 注册地址：云南省楚雄市鹿城南路384号 受托方企业名称：云南龙润药业有限公司 生产地址：云南省昆明市高新技术产业开发区海源北路1299号”修改为：“企业名称：云南龙发制药股份有限公司 生产地址：云南省楚雄市鹿城南路384号”，网址由原“http:/www.longfar.cc”变更为：“longfar.net”。
（2）【执行标准】由“《中国药典》2010年版一部”变更为“《中国药典》2020年版一部”。
（3）增加【药品上市许可持有人】项相关信息：【药品上市许可持有人】云南龙发制药股份有限公司，注册地址：云南省楚雄市鹿城南路384号。
（4）根据市场营销需要，变更包装标签图案，增加药品追溯码。",云南省药品监督管理局,2024-06-05,已备案,详情
沪备2024018355,乙酰谷酰胺注射液,国药准字H31022978,上海禾丰制药有限公司,中国（上海）自由贸易试验区金沪路805号,上海禾丰制药有限公司,中国（上海）自由贸易试验区金沪路805号,根据《国家药监局关于修订乙酰谷酰胺注射剂说明书的公告》（2023年第57号），修订 本品说明书即标签中【不良反应】、【禁忌】项下内容。,上海市药品监督管理局,2024-06-06,已备案,详情
沪备2024020647,雷贝拉唑钠肠溶片,国药准字H20233484,上海安必生制药技术有限公司,上海市徐汇区曲靖路18号,江苏安必生制药有限公司,泰州市医药高新技术产业开发区医药高新技术产业园第五期标准厂房G110栋,新增“Metrochem API Private Limited”为本品原料药供应商。,上海市药品监督管理局,2024-06-06,已备案,详情
Y晋备2024020803,茴拉西坦,Y20190004582,无,无,亚宝药业集团股份有限公司,山西省风陵渡经济开发区工业大道1号,变更原料药生产场地：申请新增茴拉西坦生产场地原料三车间（步骤一：对甲氧基苯甲酰氯制备工序）和原料五车间（步骤二~步骤六：粗品制备、精制、粉碎、总混、包装工序）。,山西省药品监督管理局,2024-06-06,已备案,详情
苏备2024021246,神曲消食口服液,国药准字Z20153035,扬子江药业集团江苏龙凤堂中药有限公司,泰州市高港区永安洲镇龙凤堂西路9号,扬子江药业集团江苏龙凤堂中药有限公司,泰州市高港区永安洲镇龙凤堂西路9号,"本品生产场地由""泰州市高港区永安洲镇龙凤堂西路9号的前处理1号车间前处理生产线、中药饮片1号车间中药饮片生产线、提取2号车间A栋神曲消食口服液清膏0/P线、口服液1号车间合剂生产线""变更为""泰州市高港区永安洲镇龙凤堂西路9号的前处理1号车间前处理生产线、中药饮片1号车间中药饮片生产线、提取2号车间A栋神曲消食口服液清膏0/P/Q线、口服液1号车间合合剂生产线。""该药品同时发生(药品生产工艺、处方、质量标准等)变更,获得批准或备案完成后方可生产上市。",江苏省药品监督管理局,2024-06-06,已备案,详情
苏备2024021303,硝酸异山梨酯片,国药准字H32023408,江苏长江药业有限公司,射阳县合德镇红旗路28号,江苏长江药业有限公司,江苏射阳县城红旗路28号,根据《已上市化学药品变更研究指导原则》，硝酸异山梨酯片原料硝酸异山梨酯在原有供应厂商“山东科源制药股份有限公司”基础上增加“西安力邦制药有限公司”。,江苏省药品监督管理局,2024-06-06,已备案,详情
苏备2024021370,盐酸曲马多注射液,国药准字H20023537,江苏九旭药业有限公司,睢宁经济开发区九旭大道998号,江苏九旭药业有限公司,睢宁经济开发区九旭大道998号,根据《已上市化学药品药学变更研究技术指导原则（试行）》，本品原料药盐酸曲马多的供应商在“石药集团欧意药业有限公司”的基础上增加“多多药业有限公司”。,江苏省药品监督管理局,2024-06-06,已备案,详情
粤备2024021326,注射用哌拉西林钠他唑巴坦钠,国药准字H20054307,珠海联邦制药股份有限公司中山分公司,广东省中山市坦洲镇嘉联路12号,珠海联邦制药股份有限公司中山分公司,广东省中山市坦洲镇嘉联路12号,本品有效期，由原来的“18个月”变为“24个月”。,广东省药品监督管理局,2024-06-06,已备案,详情
粤备2024021014,注射用头孢呋辛钠,国药准字H20065196,金鸿药业股份有限公司,珠海市金海岸生物工业区,金鸿药业股份有限公司,珠海市金海岸生物工业区,新增本品原料药“头孢呋辛钠”的供应商“珠海保税区丽珠合成制药有限公司”。,广东省药品监督管理局,2024-06-06,已备案,详情
京备2024019436,ACYW135群脑膜炎球菌多糖疫苗,国药准字S20070025,北京智飞绿竹生物制药有限公司,北京市北京经济技术开发区同济北路22号,北京智飞绿竹生物制药有限公司,北京市北京经济技术开发区同济北路22号,因药品生产许可证变更，更新药品注册批准文件载明的生产企业名称或地址。药品生产企业名称未变更，为北京智飞绿竹生物制药有限公司；生产地址在北京市北京经济技术开发区同济北路22号“制剂车间：西林瓶制剂分装线（一）”基础上，增加北京市北京经济技术开发区同济北路22号“制剂车间：西林瓶制剂分装线（二）”。,北京市药品监督管理局,2024-06-06,已备案,详情
陕备2024019360,百癣夏塔热片,国药准字Z20053640,陕西金象制药有限公司,陕西省咸阳市秦都区医药园区阳光大道6 号,陕西金象制药有限公司,咸阳市秦都区医药园区,药品再注册批件中【药品生产企业】项下的生产地址由“咸阳市秦都区医药园区”变更为“陕西省咸阳市秦都区医药园区阳光大道6号”,陕西省药品监督管理局,2024-06-07,已备案,详情
鲁备2024020783,阿柏西普眼内注射溶液,国药准字S20230068,齐鲁制药有限公司,山东省济南市高新区新泺大街317号,齐鲁制药有限公司,山东省济南市高新区旅游路8888号,1. 依据《中国药典》2020年版第一增补本，本品生产所用原材料及辅料蔗糖质量标准修订CAS号； 2. 注射液用覆聚四氟乙烯/六氟丙烯的共聚物膜氯化丁基橡胶塞质量标准增加细菌内毒素的检验。,山东省药品监督管理局,2024-06-07,已备案,详情
川备2024021951,氯化钠注射液,国药准字H51021158,四川科伦药业股份有限公司,四川省成都市新都卫星城工业开发区南二路,"四川科伦药业股份有限公司,辽宁民康制药有限公司","四川省成都市新都卫星城工业开发区南二路, 四川省眉山市仁寿县平安大道（仁寿工业园区）, 四川省广安市岳池县工业园区, 四川省成都市新都卫星城工业开发区南二路塑料容器输液车间B线, 山东省滨州市滨城区小营镇拥政路12号塑料容器输液车间B线(聚丙烯输液瓶), 广东梅州高新技术产业园区大容量注射剂车间H线（聚丙烯输液瓶）, 山东省滨州市滨城区小营镇拥政路12号塑料容器输液车间B线(直立式聚丙烯输液袋), 四川省成都市新都卫星城工业开发区南二路软袋输液车间Z线, 大连炮台经济开发区光彩街1号A车间A线（聚丙烯输液瓶）","因药品生产许可证变更，更新药品注册批准文件载明的生产企业名称或地址。生产企业名称由四川科伦药业股份有限公司变更为四川科伦药业股份有限公司,辽宁民康制药有限公司;生产企业地址由四川省成都市新都卫星城工业开发区南二路,四川省眉山市仁寿县平安大道（仁寿工业园区）,四川省广安市岳池县工业园区,四川省成都市新都卫星城工业开发区南二路塑料容器输液车间B线的基础上增加山东省滨州市滨城区小营镇拥政路12号塑料容器输液车间B线(聚丙烯输液瓶),四川省成都市新都卫星城工业开发区南二路塑料容器输液车间B线的基础上增加广东梅州高新技术产业园区大容量注射剂车间H线（聚丙烯输液瓶）,四川省成都市新都卫星城工业开发区南二路塑料容器输液车间B线的基础上增加山东省滨州市滨城区小营镇拥政路12号塑料容器输液车间B线(直立式聚丙烯输液袋)变更为四川省成都市新都卫星城工业开发区南二路, 四川省眉山市仁寿县平安大道（仁寿工业园区）, 四川省广安市岳池县工业园区, 四川省成都市新都卫星城工业开发区南二路塑料容器输液车间B线, 山东省滨州市滨城区小营镇拥政路12号塑料容器输液车间B线(聚丙烯输液瓶), 广东梅州高新技术产业园区大容量注射剂车间H线（聚丙烯输液瓶）, 山东省滨州市滨城区小营镇拥政路12号塑料容器输液车间B线(直立式聚丙烯输液袋), 四川省成都市新都卫星城工业开发区南二路软袋输液车间Z线, 大连炮台经济开发区光彩街1号A车间A线（聚丙烯输液瓶）",四川省药品监督管理局,2024-06-07,已备案,详情
陕备2024019349,三鞭胶囊,国药准字Z20053687,陕西金象制药有限公司,陕西省咸阳市秦都区医药园区阳光大道6 号,陕西金象制药有限公司,咸阳市秦都区医药园区,药品再注册批件中【药品生产企业】项下的生产地址由“咸阳市秦都区医药园区”变更为“陕西省咸阳市秦都区医药园区阳光大道6号”,陕西省药品监督管理局,2024-06-07,已备案,详情
粤备2024003465,注射用人干扰素α1b,国药准字S10970070,深圳科兴药业有限公司,深圳市南山区粤海街道麻岭社区科技中一路创益科技大厦B1601,"深圳科兴药业有限公司,科兴生物制药股份有限公司","深圳市宝安区沙井向兴路同富裕工业园,山东省济南市章丘区埠村街道创业路2666号",本品增加生产企业：科兴生物制药股份有限公司，生产地址：山东省济南市章丘区埠村街道创业路2666号。,广东省药品监督管理局,2024-06-07,已备案,详情
Y晋备2024020863,盐酸雷尼替丁,Y20190007892,无,无,云鹏医药集团有限公司,山西襄汾医药工业园区云鹏大道19号,变更生产场地：生产场地由改扩建前的原料药一车间201生产线变更为改扩建以后的原料药一车间201生产线，批量由180kg变更为360kg，生产该产品对应的功能间发生改变。,山西省药品监督管理局,2024-06-07,已备案,详情
粤备2024021718,氢溴酸右美沙芬口服溶液,国药准字H20013199,珠海联邦制药股份有限公司中山分公司,广东省中山市坦洲镇嘉联路12号,珠海联邦制药股份有限公司中山分公司,广东省中山市坦洲镇嘉联路12号,根据国家局（2024年第54号、国药监药管〔2024〕16号）公告要求，在说明书和包装标签中增加“精神药品”标识。,广东省药品监督管理局,2024-06-07,已备案,详情
粤备2024020711,替硝唑葡萄糖注射液,国药准字H10960297,广州百特侨光医疗用品有限公司,广州市天河区珠江东路28号越秀金融大厦32层09-11A房,广州百特侨光医疗用品有限公司,广州市宝华路宝华正中约14号,根据《国家药监局关于修订替硝唑注射液说明书的公告（2024年第31号）》，修订本品说明书中的【不良反应】、【禁忌】、【注意事项】、【药物相互作用】、【药物过量】项内容，同时增加【黑框警告】。,广东省药品监督管理局,2024-06-07,已备案,详情
鲁备2024020497,复方氨基酸注射液(18AA),国药准字H20063948 国药准字H20103092,山东齐都药业有限公司,山东省淄博市临淄区宏达路17号,山东齐都药业有限公司,山东省淄博市临淄区宏达路17号,复方氨基酸注射液（18AA）苏氨酸、亮氨酸、盐酸赖氨酸、苯丙氨酸、色氨酸、丝氨酸原料生产厂家增加“汕头市佳禾生物科技有限公司”（登记号：苏氨酸：Y20190009544；亮氨酸：Y20190009518；盐酸赖氨酸：Y20190009570、苯丙氨酸：Y20190009519、色氨酸：Y20190009332、丝氨酸：Y20190009478），谷氨酸、甲硫氨酸原料生产厂家增加“湖北省八峰药化股份有限公司”（登记号：谷氨酸：Y20190009526、甲硫氨酸：Y20190009532），盐酸精氨酸原料生产厂家增加“无锡晶海氨基酸股份有限公司”（登记号：盐酸精氨酸：Y20190008702）。,山东省药品监督管理局,2024-06-07,已备案,详情
陕备2024019666,醋酸甲地孕酮分散片,国药准字H20040001,西安远大德天药业股份有限公司,西安高新技术产业开发区新型工业园创新路9号,西安远大德天药业股份有限公司,西安高新技术产业开发区新型工业园创新路9号,按照《药品说明书（简化版）及药品说明书（大字版）编写指南》，将醋酸甲地孕酮分散片药品说明书设计为“纸质药品说明书（简化版+电子药品说明书（完整版）”格式，并在其药品说明书上增加电子药品说明书二维码。,陕西省药品监督管理局,2024-06-07,已备案,详情
陕备2024021308,丙泊酚乳状注射液,国药准字H20010368,西安力邦制药有限公司,西安市高新区科技一路22号,西安力邦制药有限公司,西安市高新区科技一路22号,根据《药品上市后变更管理办法（试行）》及《已上市化学药品药学变更研究技术指导原则（试行）》，增加湖南尔康制药股份有限公司作为丙泊酚乳状注射液药用辅料甘油（供注射用）的新供应商，增加沧州四星玻璃股份有限公司作为该产品内包装材料中硼硅玻璃安瓿的新供应商。,陕西省药品监督管理局,2024-06-07,已备案,详情
吉备2024021841,补肾宁片,国药准字Z20054843,长春英平药业有限公司,长春市经济技术开发区南沙北路1578号,长春英平药业有限公司,长春市经济技术开发区南沙北路1578号,因药品生产许可证变更，更新药品注册批准文件载明的生产企业名称或地址。生产企业地址由长春经济技术开发区仙台大街2888号变更为长春市经济技术开发区南沙北路1578号,吉林省药品监督管理局,2024-06-07,已备案,详情
陕备2024019359,除脂生发片,国药准字Z20053603,陕西金象制药有限公司,陕西省咸阳市秦都区医药园区阳光大道6 号,陕西金象制药有限公司,咸阳市秦都区医药园区,药品再注册批件中【药品生产企业】项下的生产地址由“咸阳市秦都区医药园区”变更为“陕西省咸阳市秦都区医药园区阳光大道6号”,陕西省药品监督管理局,2024-06-07,已备案,详情
沪备2024021587,替米沙坦片,国药准字H20061199,上海现代制药股份有限公司,上海市浦东新区建陆路378号,上海现代制药股份有限公司,上海市浦东新区建陆路378号,根据《药品补充申请批准通知书》（通知书编号：2024B02408）和《总局关于仿制药质量和疗效一致性评价工作有关事项的公告》（2017年第100号），在说明书和标签上增加通过一致性评价标识。,上海市药品监督管理局,2024-06-07,已备案,详情
青备2024019930,七味螃蟹甲丸,国药准字Z20093694,青海可可西里药业集团有限公司,青海生物科技产业园经二路9号,青海可可西里药业集团有限公司,青海生物科技产业园经二路9号,变更七味螃蟹甲丸20丸/板×5板/盒包装规格的标签及说明书的样式。,青海省药品监督管理局,2024-06-07,已备案,详情
冀备2024021723,氯化钾注射液,国药准字H20247013,石家庄四药有限公司,石家庄高新技术产业开发区槐安东路518号,石家庄四药有限公司,石家庄高新技术产业开发区槐安东路518号,申请备案本品有效期变更为“24个月”信息。我公司对申报资料的真实性、准确性、完整性负责，并将持续关注变更后产品安全性、有效性和质量可控性，必要时提出补充申请。,河北省药品监督管理局,2024-06-07,已备案,详情
陕备2024021490,盐酸艾司洛尔注射液,国药准字H20243036,陕西博森生物制药股份集团有限公司,陕西省西安市高新区新型工业园创新路7号,陕西博森生物制药股份集团有限公司,陕西省西安市高新区新型工业园创新路7号,申请增加盐酸艾司洛尔注射液制剂所使用的盐酸艾司洛尔原料药供应商“兰西哈三联制药有限公司”。,陕西省药品监督管理局,2024-06-07,已备案,详情
鲁备2024021453,氨磺必利口服溶液,国药准字H20243190,山东朗诺制药有限公司,山东省德州市齐河县晏北街道办事处齐众大道127号,山东朗诺制药有限公司,山东省德州市齐河县晏北街道办事处齐众大道127号,本品有效期由“18个月”变更为“24个月”，并对说明书有效期进行相应修订。,山东省药品监督管理局,2024-06-07,已备案,详情
粤备2024021513,注射用亚胺培南西司他丁钠,国药准字H20084019,珠海联邦制药股份有限公司,珠海市金湾区三灶镇安基路2428号,珠海联邦制药股份有限公司,珠海市金湾区三灶镇安基路2428号,1、本品有效期由18个月变更为24个月。2、本品标签和说明书增加使用“通过一致性评价”标识。,广东省药品监督管理局,2024-06-07,已备案,详情
陕备2024019737,杞蓉片,国药准字Z20044036,西安千禾药业股份有限公司,西安市高新区丈八一路1号汇鑫IBC-B座11层,西安千禾药业股份有限公司,西安市高新西区科技一路,设计杞蓉片药品说明书的“纸质药品说明书（简化版）+电子药品说明书（完整版）”格式，并在其药品说明书及包装盒上增加电子药品说明书二维码。,陕西省药品监督管理局,2024-06-07,已备案,详情
桂备2024019272,杞菊地黄胶囊,国药准字Z41020984,广西迪泰制药股份有限公司,广西-东盟经济技术开发区宁武路3号,广西迪泰制药股份有限公司,广西-东盟经济技术开发区宁武路3号,"变更生产场地：
1、药品生产企业名称：由“河南省广康药业有限公司”变更为“广西迪泰制药股份有限公司”。
2、药品生产地址：由“汤阴县产业集聚区中兴大道”变更为“广西-东盟经济技术开发区宁武路3号”。",广西壮族自治区药品监督管理局,2024-06-11,已备案,详情
鲁备2024021703,复方甘草酸苷胶囊,国药准字H20110056,瑞阳制药股份有限公司,山东省沂源县城瑞阳路1号,瑞阳制药股份有限公司,山东省沂源县城瑞阳路1号,根据《国家药监局关于发布药品说明书适老化及无障碍改革试点工作方案的公告》（2023年第142号）和《药品说明书适老化及无障碍改革试点名单（第一批）》，对本品药品说明书（简化版）进行备案，同时提供电子药品说明书（完整版）。,山东省药品监督管理局,2024-06-11,已备案,详情
陕备2024016483,健宝灵片,国药准字Z20063294,陕西金象制药有限公司,陕西省咸阳市秦都区医药园区阳光大道6号,陕西金象制药有限公司,陕西省咸阳市秦都区医药园区阳光大道6号,依据国家药监局《药品说明书适老化及无障碍改革试点工作方案》及《陕西省药品监督管理局关于开展药品说明书适老化及无障碍改革试点品种备案工作的通知》要求，在药品说明书及包装盒上增加电子药品说明书二维码。,陕西省药品监督管理局,2024-06-11,已备案,详情
宁备2024020573,替硝唑氯化钠注射液,国药准字H20043637,上海华源药业（宁夏）沙赛制药有限公司,宁夏银川市高新技术开发区6号路,上海华源药业（宁夏）沙赛制药有限公司,宁夏银川市高新技术开发区6号路,"根据《国家药监局关于替硝唑注射剂说明书的公告》要求,修订本品药品说明书【不良反应】、【禁忌】、【注意事项】、【药物相互作用】、【药物过量】，并增加黑框警告内容。",宁夏回族自治区药品监督管理局,2024-06-11,已备案,详情
鲁备2024021366,乙酰螺旋霉素片,国药准字H37021022,福安药业集团烟台只楚药业有限公司,山东省烟台市芝罘区烟福路1号,福安药业集团烟台只楚药业有限公司,山东省烟台市芝罘区烟福路1号,本品增加制剂所用原料药乙酰螺旋霉素的供应商：山东鲁抗医药股份有限公司。,山东省药品监督管理局,2024-06-11,已备案,详情
蒙备2024021755,麻仁滋脾丸,国药准字Z15020527,内蒙古九郡药业有限责任公司,内蒙古自治区巴彦淖尔市五原县隆兴昌镇团结路,内蒙古九郡药业有限责任公司,内蒙古自治区巴彦淖尔市五原县隆兴昌镇团结路,"1.申请麻仁滋脾丸生产地址名称表述变更，由“内蒙古五原县隆兴昌镇团结路”变更为“内蒙古自治区巴彦淖尔市五原县隆兴昌镇团结路”。
2.申请麻仁滋脾丸“药品包装用铝箔和聚氯乙烯固体药用硬片泡罩包装，9g/丸×10丸/板×1板/盒”包装规格的说明书、包装标签的重新备案。具体变更内容如下：
麻仁滋脾丸药品说明书、包装标签【上市许可持有人/生产企业】项下生产地址由“内蒙古五原县隆兴昌镇团结路”变更为“内蒙古自治区巴彦淖尔市五原县隆兴昌镇团结路”。
麻仁滋脾丸内标签“【产品批号】”变更为“【产品批号】见边缘处”，“【有效期】36个月”变更为“【有效期至】见边缘处”。
规范麻仁滋脾丸药品说明书、包装标签中的内容：【警示语】项下增加“警告：孕妇忌服。”；【包装】项下“药用铝塑包装”修订为“药品包装用铝箔和聚氯乙烯固体药用硬片泡罩包装”；“9克×10丸/盒”修订为“每丸重9克，每板装10丸，每盒装1板”；【执行标准】修订为“《中国药典》2020年版一部”；
其余内容皆按照相关法规要求，重新进行设计。申请人对申报资料的真实性、准确性、完整性、规范性负责。",内蒙古自治区药品监督管理局,2024-06-11,已备案,详情
川备2024022116,益母草颗粒,国药准字Z51021970,好医生药业集团有限公司,四川绵阳安州工业园区,好医生药业集团有限公司,四川省绵阳市安州区圣科路。(生产车间为前处理车间、提取车间、综合制剂车间 生产线为前处理生产线1、提取生产线1、颗粒剂生产线1),因药品生产许可证变更，更新药品注册批准文件载明的生产企业名称或地址。生产企业地址由四川省绵阳市安州区圣科路。(生产车间为前处理车间、提取车间、综合制剂车间 生产线为前处理生产线、提取生产线、颗粒剂生产线1)变更为四川省绵阳市安州区圣科路。(生产车间为前处理车间、提取车间、综合制剂车间 生产线为前处理生产线1、提取生产线1、颗粒剂生产线1),四川省药品监督管理局,2024-06-11,已备案,详情
川备2024021795,乙酰半胱氨酸颗粒,国药准字H20243786,四川海梦智森生物制药有限公司,成都高新区益新大道451号9层903号,浙江赛默制药有限公司,浙江省金华市婺城区汤溪镇永湖街788号,申请本品按照国家相关文件精神在说明书和标签上添加“通过一致性评价”标识，承诺说明书和标签其他项目及内容未擅自修改，并符合国家食品药品监督管理局令第24号及有关文件的要求。,四川省药品监督管理局,2024-06-11,已备案,详情
陕备2024019344,痔速宁片,国药准字Z20043859,陕西金象制药有限公司,陕西省咸阳市秦都区医药园区阳光大道6 号,陕西金象制药有限公司,咸阳市秦都区医药园区,药品再注册批件中【药品生产企业】项下的生产地址由“咸阳市秦都区医药园区”变更为“陕西省咸阳市秦都区医药园区阳光大道6号”,陕西省药品监督管理局,2024-06-11,已备案,详情
Y赣备2024021064,甲磺酸仑伐替尼,Y20200001168,无,无,江西青峰药业有限公司,江西省赣州市章贡区青峰大道196号,甲磺酸仑伐替尼的有效期由“24个月”变更为“36个月”，说明书和包装标签按规定修订。,江西省药品监督管理局,2024-06-11,已备案,详情
甘备2024022337,二十五味珊瑚丸,国药准字Z20023108,甘肃佛阁藏药有限公司,甘肃省定西市临洮县洮阳镇奇正路1号,"甘肃奇正藏药有限公司,甘肃佛阁藏药有限公司","甘肃省兰州市榆中县城关镇奇正路1号,甘肃省定西市临洮县洮阳镇奇正路1号","因药品生产许可证变更，更新药品注册批准文件载明的生产企业名称或地址。生产企业名称由甘肃奇正藏药有限公司变更为甘肃奇正藏药有限公司,甘肃佛阁藏药有限公司;生产企业地址由甘肃省兰州市榆中县城关镇奇正路1号变更为甘肃省兰州市榆中县城关镇奇正路1号,甘肃省定西市临洮县洮阳镇奇正路1号",甘肃省药品监督管理局,2024-06-12,已备案,详情
鲁备2024021997,清瘟解毒丸,国药准字Z37020210,山东宏济堂制药集团股份有限公司,济南市历城区经十东路30766号,山东宏济堂制药集团股份有限公司,济南市历城区经十东路30766号,本品有效期由“36个月”变更为“48个月”，说明书有效期项进行相应修订。,山东省药品监督管理局,2024-06-12,已备案,详情
黑备2024022218,清热解毒口服液,国药准字Z20055600,哈尔滨三乐生物工程有限公司,哈尔滨市松北区世茂滨江新城三期一区D43栋1单元-110号,黑龙江林海雪原药业有限公司,黑龙江省哈尔滨市宾县宾西镇宾西经济技术开发区,因药品生产许可证变更，更新药品注册批准文件载明的生产企业名称或地址。生产企业名称由哈尔滨三乐生物工程有限公司变更为黑龙江林海雪原药业有限公司;生产企业地址由哈尔滨市宾县宾西镇宾西经济技术开发区变更为黑龙江省哈尔滨市宾县宾西镇宾西经济技术开发区,黑龙江省药品监督管理局,2024-06-12,已备案,详情
苏备2024021601,肌苷片,国药准字H32025270,无锡济煜山禾药业股份有限公司,无锡市新吴区长江南路12号,无锡济煜山禾药业股份有限公司,无锡市新吴区长江南路12号,根据国家药监局国家卫生健康委关于发布实施《中华人民共和国药典》（2020年版）第一增补本的公告（2023年第126号）变更我司肌苷片的质量标准，由“《中国药典》2020年版二部”变更为“《中国药典》2020年版第一增补本”。,江苏省药品监督管理局,2024-06-12,已备案,详情
皖备2024022239,生脉饮(党参方),国药准字Z41021593,南京同仁堂黄山精制药业有限公司,黄山市徽州区松奇路1号,南京同仁堂黄山精制药业有限公司,黄山市徽州区松奇路1号,因药品生产许可证变更，更新药品注册批准文件载明的生产企业名称或地址。生产企业名称由河南金华隆制药有限公司变更为南京同仁堂黄山精制药业有限公司;生产企业地址由河南省武陟县河朔大道5319号变更为黄山市徽州区松奇路1号,安徽省药品监督管理局,2024-06-12,已备案,详情
苏备2024021592,红霉素肠溶片,国药准字H32022714,无锡济煜山禾药业股份有限公司,无锡市新吴区长江南路12号,无锡济煜山禾药业股份有限公司,无锡市新吴区长江南路12号,根据国家药监局国家卫生健康委关于发布实施《中华人民共和国药典》（2020年版）第一增补本的公告（2023年第126号）变更我司红霉素肠溶片的质量标准，由“《中国药典》2020年版二部”变更为“《中国药典》2020年版第一增补本”。,江苏省药品监督管理局,2024-06-12,已备案,详情
蒙备2024022483,槟榔四消丸,国药准字Z15020726,内蒙古九郡药业有限责任公司,内蒙古自治区巴彦淖尔市五原县隆兴昌镇团结路,内蒙古九郡药业有限责任公司,内蒙古自治区巴彦淖尔市五原县隆兴昌镇团结路,"1.申请槟榔四消丸生产地址名称表述变更，由“内蒙古五原县隆兴昌镇团结路”变更为“内蒙古自治区巴彦淖尔市五原县隆兴昌镇团结路”。
2.申请槟榔四消丸“药品包装用铝箔和聚氯乙烯固体药用硬片泡罩包装，9g/丸×10丸/板×1板/盒”包装规格的说明书、包装标签的重新备案。具体变更内容如下：
槟榔四消丸药品说明书、包装标签【上市许可持有人/生产企业】项下生产地址由“内蒙古五原县隆兴昌镇团结路”变更为“内蒙古自治区巴彦淖尔市五原县隆兴昌镇团结路”。
槟榔四消丸内标签“【产品批号】”变更为“【产品批号】见边缘处”，“【有效期】36个月”变更为“【有效期至】见边缘处”。
规范槟榔四消丸药品说明书中的内容：【警示语】项下增加“警告：孕妇忌服。”；【包装】项下“药用铝塑包装”修订为“药品包装用铝箔和聚氯乙烯固体药用硬片泡罩包装”；“9克×10丸/盒”修订为“每丸重9克，每板装10丸，每盒装1板”；【执行标准】修订为“《中国药典》2020年版一部”；
其余内容皆按照相关法规要求，重新进行设计。申请人对申报资料的真实性、准确性、完整性、规范性负责。",内蒙古自治区药品监督管理局,2024-06-14,已备案,详情
苏备2024022387,氯氮平片,国药准字H32024027,无锡济煜山禾药业股份有限公司,无锡市新吴区长江南路12号,无锡济煜山禾药业股份有限公司,无锡市新吴区长江南路12号,根据国家药监局国家卫生健康委关于发布实施《中华人民共和国药典》（2020年版）第一增补本的公告（2023年第126号）变更我司氯氮平片的质量标准，由“《中国药典》2020年版二部”变更为“《中国药典》2020年版第一增补本”。,江苏省药品监督管理局,2024-06-14,已备案,详情
鄂备2024022611,保和片,国药准字Z42021503,湖北民康制药有限公司,湖北省宜昌市西坝路50号,湖北民康制药有限公司,湖北省宜昌市伍家岗区花艳一路1号,因药品生产许可证变更，更新药品注册批准文件载明的生产企业名称或地址。生产企业地址由湖北省宜昌市西坝路50号变更为湖北省宜昌市伍家岗区花艳一路1号,湖北省药品监督管理局,2024-06-14,已备案。该药品同时发生（药品生产工艺、处方、质量标准等）变更，获得批准或备案完成后方可生产上市。,详情
鄂备2024022638,补中益气丸(浓缩丸),国药准字Z42021435,湖北民康制药有限公司,湖北省宜昌市西坝路50号,湖北民康制药有限公司,湖北省宜昌市伍家岗区花艳一路1号,因药品生产许可证变更，更新药品注册批准文件载明的生产企业名称或地址。生产企业地址由湖北省宜昌市西坝路50号变更为湖北省宜昌市伍家岗区花艳一路1号,湖北省药品监督管理局,2024-06-14,已备案。该药品同时发生（药品生产工艺、处方、质量标准等）变更，获得批准或备案完成后方可生产上市。,详情
滇备2024022316,清热止痒洗剂,国药准字B20020915,云南优克制药公司,云南省昆明市官渡区兔耳关响水村,云南优克制药公司,云南省昆明市官渡区兔耳关响水村,一、将清热止痒洗剂(每瓶装200毫升)原药品说明书和包装标签中的“规格”、“不良反应”、“禁忌”及“注意事项”内容进行变更。即【规格】变更为：每1毫升相当于饮片0.2克；【不良反应】变更为：监测数据显示，本品可见以下不良反应报告：外阴皮疹、红肿，外阴或阴道瘙痒、烧灼感、疼痛等。【禁忌】变更为： 1.孕妇、经期妇女禁用。 2.酒精过敏者禁用。 3.对本品及所含成份过敏者禁用。 【注意事项】变更为： 1.本品为外用药，禁止内服。 2.忌食辛辣、生冷、油腻食物。 3.切勿接触眼睛、口腔等黏膜处。皮肤破溃处禁用。 4.治疗期间忌房事，配偶如有感染应同时治疗。 5.未婚或绝经后患者，应在医师指导下使用。 6.外阴白色病变、糖尿病所致的瘙痒不宜使用。 7.带下伴血性分泌物，或伴有尿频、尿急、尿痛者，应去医院就诊。 8.用药7天症状无缓解，应去医院就诊。 9.过敏体质者慎用。 10.本品性状发生改变时禁止使用。 11.请将本品放在儿童不能接触的地方。 12.如正在使用其他药品，使用本品前请咨询医师或药师。二、 将原药品说明书和包装标签中“包装”项内容变更为：[包装]塑料瓶装，每瓶装200ml。,云南省药品监督管理局,2024-06-14,已备案,详情
鄂备2024021887,藿香正气水,国药准字Z42020421,李时珍医药集团有限公司,湖北省蕲春县本草纲目生物科技园区,李时珍医药集团有限公司,湖北省蕲春县本草纲目生物科技园区,根据“总局关于藿香正气水等3种药品转换为非处方药并修订非处方药说明书的公告（2018年第15号）”要求，对藿香正气水的说明书和包装标签作出修订。,湖北省药品监督管理局,2024-06-14,已备案,详情
粤备2024021800,注射用羟喜树碱,国药准字 H20010156,深圳万乐药业有限公司,深圳市坪山新区兰竹东路国家生物医药产业基地万乐药业大厦,深圳万乐药业有限公司,深圳国家生物医药产业基地坪山新区兰竹东路万乐药业大厦,新增注射用冷冻干燥用溴化丁基橡胶塞供应商：应城市恒天药业包装有限公司。,广东省药品监督管理局,2024-06-14,已备案,详情
鄂备2024022618,紫雪散（紫雪）,国药准字Z42021429,湖北民康制药有限公司,湖北省宜昌市西坝路50号,湖北民康制药有限公司,湖北省宜昌市伍家岗区花艳一路1号,因药品生产许可证变更，更新药品注册批准文件载明的生产企业名称或地址。生产企业地址由湖北省宜昌市西坝路50号变更为湖北省宜昌市伍家岗区花艳一路1号,湖北省药品监督管理局,2024-06-14,已备案。该药品同时发生（药品生产工艺、处方、质量标准等）变更，获得批准或备案完成后方可生产上市。,详情
鄂备2024022661,阿归养血糖浆,国药准字Z42021404,湖北民康制药有限公司,湖北省宜昌市西坝路50号,湖北民康制药有限公司,湖北省宜昌市伍家岗区花艳一路1号,因药品生产许可证变更，更新药品注册批准文件载明的生产企业名称或地址。生产企业地址由湖北省宜昌市西坝路50号变更为湖北省宜昌市伍家岗区花艳一路1号,湖北省药品监督管理局,2024-06-14,已备案。该药品同时发生（药品生产工艺、处方、质量标准等）变更，获得批准或备案完成后方可生产上市。,详情
粤备2024021793,注射用头孢米诺钠,国药准字H20243574,广东金城金素制药有限公司,广东省中山市火炬开发区神农路10号,广东金城金素制药有限公司,广东省中山市火炬开发区神农路10号,本品在说明书、包装标签中增加“仿制药一致性评价”标识。,广东省药品监督管理局,2024-06-14,已备案,详情
鄂备2024022650,乙肝解毒胶囊,国药准字Z42021523,湖北民康制药有限公司,湖北省宜昌市西坝路50号,湖北民康制药有限公司,湖北省宜昌市伍家岗区花艳一路1号,因药品生产许可证变更，更新药品注册批准文件载明的生产企业名称或地址。生产企业地址由湖北省宜昌市西坝路50号变更为湖北省宜昌市伍家岗区花艳一路1号,湖北省药品监督管理局,2024-06-14,已备案。该药品同时发生（药品生产工艺、处方、质量标准等）变更，获得批准或备案完成后方可生产上市。,详情
川备2024021627,利培酮口服溶液,国药准字H20234103,四川嘉创景态生物医药科技有限公司,成都高新区（西区）汇川街166号1栋13楼7号,成都迪康药业股份有限公司,成都高新区（西区）迪康大道一号,上市许可持有人地址由“成都高新区（西区）汇川街166号1栋7层3号”变更为“成都高新区（西区）汇川街166号1栋13楼7号”。说明书和标签做相应修订。,四川省药品监督管理局,2024-06-14,已备案,详情
鄂备2024022671,氢化可的松注射液,国药准字H42021997,宜昌人福药业有限责任公司,湖北省宜昌开发区大连路19号,宜昌人福药业有限责任公司,1.湖北省宜昌开发区大连路19号，2.湖北省宜昌市东临路517号,因药品生产许可证变更，更新药品注册批准文件载明的生产企业名称或地址。生产企业地址由湖北省宜昌开发区大连路19号变更为1.湖北省宜昌开发区大连路19号，2.湖北省宜昌市东临路517号,湖北省药品监督管理局,2024-06-14,已备案。该药品同时发生（药品生产工艺、处方、质量标准等）变更，获得批准或备案完成后方可生产上市。,详情
蒙备2024022480,麦味地黄丸,国药准字Z15020498,内蒙古九郡药业有限责任公司,内蒙古自治区巴彦淖尔市五原县隆兴昌镇团结路,内蒙古九郡药业有限责任公司,内蒙古自治区巴彦淖尔市五原县隆兴昌镇团结路,"1.申请麦味地黄丸生产地址名称表述变更，由“内蒙古五原县隆兴昌镇团结路”变更为“内蒙古自治区巴彦淖尔市五原县隆兴昌镇团结路”。
2.申请麦味地黄丸“药品包装用铝箔和聚氯乙烯固体药用硬片泡罩包装，9g/丸×10丸/板×1板/盒”包装规格的说明书、包装标签的重新备案。具体变更内容如下：
麦味地黄丸药品说明书、包装标签【上市许可持有人/生产企业】项下生产地址由“内蒙古五原县隆兴昌镇团结路”变更为“内蒙古自治区巴彦淖尔市五原县隆兴昌镇团结路”。
麦味地黄丸内标签“【产品批号】”变更为“【产品批号】见边缘处”，“【有效期】36个月”变更为“【有效期至】见边缘处”。
规范麦味地黄丸药品说明书中的内容：【包装】项下“药用铝塑包装”修订为“药品包装用铝箔和聚氯乙烯固体药用硬片泡罩包装”；“9克×10丸/盒”修订为“每丸重9克，每板装10丸，每盒装1板”；
【执行标准】修订为“《中国药典》2020年版一部”；其余内容皆按照相关法规要求，重新进行设计。",内蒙古自治区药品监督管理局,2024-06-14,已备案,详情
冀备2024022682,注射用氨苄西林钠舒巴坦钠,国药准字H19983030,华北制药集团先泰药业有限公司,石家庄经济技术开发区扬子路20号,华北制药股份有限公司,石家庄市和平东路388号,申请备案本品说明书和包装标签（使用“通过一致性评价”标识）信息。我公司对申报资料的真实性、准确性、完整性负责，并将持续关注变更后产品安全性、有效性和质量可控性，必要时提出补充申请。,河北省药品监督管理局,2024-06-17,已备案,详情
豫备2024023008,替硝唑葡萄糖注射液,国药准字H19991051,开封制药（集团）有限公司,开封市禹南街1号,辅仁药业集团有限公司,河南省鹿邑县玄武经济开发区,国家药监局关于修订替硝唑注射剂说明书的公告（2024年第31号），增加黑框警告，修订【禁忌】、【不良反应】、【注意事项】、【药物相互作用】、【药物过量】等项。,河南省药品监督管理局,2024-06-17,已备案,详情
蒙备2024022275,灵芝滴丸,国药准字Z20090778,包头中药有限责任公司,包头市东河区南海路,包头中药有限责任公司,包头市东河区南海路,申请灵芝滴丸“口服固体药用高密度聚乙烯瓶包装，每瓶装90丸，每盒装1瓶”包装规格说明书重新备案。具体变更内容为：变更【生产企业】项下内容。申请人对申报资料的真实性、准确性、完整性、规范性负责。,内蒙古自治区药品监督管理局,2024-06-17,已备案,详情
桂备2024022149,前列安通胶囊,国药准字Z20090180,广西迪泰制药股份有限公司,广西-东盟经济技术开发区宁武路3号,广西迪泰制药股份有限公司,广西-东盟经济技术开发区宁武路3号,增加：“15粒/板×2板/盒”的包装规格，重新设计药品说明书、包装标签的图案样式，使用经授权的商标“赋年堂”。,广西壮族自治区药品监督管理局,2024-06-18,已备案,详情
鄂备2024022533,再造丸,国药准字Z42021268,李时珍医药集团有限公司,湖北省蕲春县本草纲目生物科技园区,李时珍医药集团有限公司,湖北省蕲春县本草纲目生物科技园区,根据国家食品药品监督管理局“《药品说明书和标签管理规定》（局令第24号）”和“省药品监督管理局关于药品说明书和包装标签备案有关的事宜通知”的要求，修订再造丸说明书和包装标签相应内容。,湖北省药品监督管理局,2024-06-18,已备案,详情
赣备2024019880,避瘟胶囊,国药准字Z10970039,江西汇仁药业股份有限公司,江西南昌小蓝经济技术开发区汇仁大道1266号,江西汇仁药业股份有限公司,江西南昌小蓝经济技术开发区汇仁大道1266号,我局组织对江西汇仁药业股份有限公司长期未生产，及变更药品生产地址的避瘟胶囊（国药准字Z10970039）进行了生产现场检查和抽样检验，结果符合规定。同意江西汇仁药业股份有限公司长期未生产，及变更药品生产地址的避瘟胶囊（国药准字Z10970039）上市销售。,江西省药品监督管理局,2024-06-18,已备案,详情
冀备2024023073,注射用头孢呋辛钠,国药准字H20063772,石药集团中诺药业（石家庄）有限公司,河北省石家庄经济技术开发区扬子路88号,石药集团中诺药业（石家庄）有限公司,河北省石家庄经济技术开发区扬子路88号,申请备案本品有效期变更为“24个月”信息。我公司对申报资料的真实性、准确性、完整性负责，并将持续关注变更后产品安全性，有效性和质量可控性，必要时提出补充申请。,河北省药品监督管理局,2024-06-19,已备案,详情
Y辽备2024013834,地氯雷他定,Y20200001494,无,无,沈阳三九药业有限公司,辽宁省沈阳市新民经济开发区东营北一路7号,"1、企业注册标准性状项下增加熔点检测项； 
2、修订企业注册标准性状项下的溶解度；
3、修订企业注册标准鉴别项下的紫外鉴别。",辽宁省药品监督管理局,2024-06-20,已备案,详情
吉备2024023271,葡萄糖注射液,国药准字H20113361,吉林省都邦药业股份有限公司,德惠市经济开发区德大路699号,吉林省都邦药业股份有限公司,吉林省德惠市经济开发区德大路699号,根据《药品注册管理办法》（局令第27号）、《药品说明书和标签管理规定》（国家食品药品监督管理局令24号）及相关规定变更50ml/袋药品说明书，样稿如附件所示（附件见吉林省药品监督管理局网站），企业负责说明书内容的真实性与合法性。,吉林省药品监督管理局,2024-06-20,已备案,详情
蒙备2024022498,舒肝平胃丸,国药准字Z15021790,内蒙古九郡药业有限责任公司,内蒙古自治区巴彦淖尔市五原县隆兴昌镇团结路,内蒙古九郡药业有限责任公司,内蒙古自治区巴彦淖尔市五原县隆兴昌镇团结路,"申请舒肝平胃丸“聚酯/镀铝聚酯/聚乙烯药用复合膜袋，4.5g/袋×6袋/盒”包装规格的说明书、包装标签的重新备案。
具体变更内容如下：
舒肝平胃丸“4.5g/袋×6袋/盒”的药品说明书、包装标签【上市许可持有人/生产企业】电话号码由“19937153000 0478-7960191”变更为“13296981877 0478-7960191”。
对“4.5g/袋×6袋/盒”的包装标签、说明书式样、图案进行备案。申请人对申报资料的真实性、准确性、完整性、规范性负责。",内蒙古自治区药品监督管理局,2024-06-20,已备案,详情
闽备2024023548,伤湿丸,国药准字Z35020142,福州屏山制药有限公司,福建省福州市鼓楼区五四路321号奥体都市花园（琴亭花园广场）A区第13层B室,福州屏山制药有限公司,福州市仓山区科技园十区高盛路3号,因药品生产许可证变更，更新药品注册批准文件载明的生产企业名称或地址。生产企业地址由福建省福州市仓山区科技园十区变更为福州市仓山区科技园十区高盛路3号,福建省药品监督管理局,2024-06-20,已备案,详情
赣备2024022689,消疲灵颗粒,国药准字Z20003384,江西京通美联药业有限公司,江西省吉安市永丰县城北坪上,江西京通美联药业有限公司,江西省吉安市永丰县城北坪上,适老化及无障碍版本说明书备案,江西省药品监督管理局,2024-06-21,已备案,详情
湘备2024022527,阿莫西林克拉维酸钾片,国药准字H20051710,湘北威尔曼制药股份有限公司,湖南浏阳市洞阳乡（生物医药园内）,湘北威尔曼制药股份有限公司,湖南浏阳生物医药工业园,增加阿莫西林克拉维酸钾片所用原料药阿莫西林的供应商：内蒙古常盛制药有限公司。,湖南省药品监督管理局,2024-06-21,已备案,详情
沪备2024024243,赛沃替尼片,国药准字H20210027,和记黄埔医药（上海）有限公司,中国（上海）自由贸易试验区蔡伦路720弄4号,"上海合全医药有限公司,和记黄埔医药（上海）有限公司","中国（上海）自由贸易试验区意威路31弄4号,上海市浦东新区良耀路88号","因药品生产许可证变更，更新药品注册批准文件载明的生产企业名称或地址。生产企业名称由上海合全医药有限公司变更为上海合全医药有限公司,和记黄埔医药（上海）有限公司;生产企业地址由中国（上海）自由贸易试验区意威路31弄4号变更为中国（上海）自由贸易试验区意威路31弄4号,上海市浦东新区良耀路88号",上海市药品监督管理局,2024-06-21,已备案。该药品同时发生（药品生产工艺、处方、质量标准等）变更，获得批准或备案完成后方可生产上市。,详情
湘备2024023527,川贝清肺糖浆,国药准字Z43020666,湖南杏林春药业有限公司,长沙市开福区捞刀河镇白霞向阳坡,湖南杏林春药业有限公司,湖南省长沙市开福区捞刀河镇白霞向阳坡,申请增加包装规格：150毫升/瓶，内包装材质为口服液体药用聚酯瓶。,湖南省药品监督管理局,2024-06-21,已备案,详情
琼备2024023148,阿奇霉素软胶囊等3个品种（详见附件）,国药准字H20061229,海南皇隆制药股份有限公司,海南省海口国家高新技术产业开发区药谷三横路8号,海南皇隆制药股份有限公司,海南省海口市美兰区桂林洋大道8号,阿奇霉素软胶囊(国药准字H20061229)、联苯苄唑乳膏(国药准字H20057704)、氯霉素阴道软胶囊(国药准字H20057036)3个品种最新的《药品再注册批件》中载明的生产地址由“海口市桂林洋经济开发区 ”变更为“海南省海口市美兰区桂林洋大道8号 ”。,海南省药品监督管理局,2024-06-21,已备案,详情
蒙备2024023444,芎菊上清丸,国药准字Z15020742,内蒙古九郡药业有限责任公司,内蒙古自治区巴彦淖尔市五原县隆兴昌镇团结路,内蒙古九郡药业有限责任公司,内蒙古自治区巴彦淖尔市五原县隆兴昌镇团结路,"1.申请芎菊上清丸生产地址名称表述变更，由“内蒙古五原县隆兴昌镇团结路”变更为“内蒙古自治区巴彦淖尔市五原县隆兴昌镇团结路”。
2.申请芎菊上清丸“药品包装用铝箔和聚氯乙烯固体药用硬片泡罩包装，9g/丸×10丸/板×1板/盒”包装规格的说明书、包装标签的重新备案。具体变更内容如下：
芎菊上清丸药品说明书、包装标签【上市许可持有人/生产企业】项下生产地址由“内蒙古五原县隆兴昌镇团结路”变更为“内蒙古自治区巴彦淖尔市五原县隆兴昌镇团结路”。
芎菊上清丸内标签“【产品批号】”变更为“【产品批号】见边缘处”，“【有效期】36个月”变更为“【有效期至】见边缘处”。
规范芎菊上清丸药品说明书中的内容：【包装】项下“药用铝塑包装”修订为“药品包装用铝箔和聚氯乙烯固体药用硬片泡罩包装”；“9克×10丸/盒”修订为“每丸重9克，每板装10丸，每盒装1板”；
【执行标准】修订为“《中国药典》2020年版一部”；其余内容皆按照相关法规要求，重新进行设计。申请人对申报资料的真实性、准确性、完整性、规范性负责。",内蒙古自治区药品监督管理局,2024-06-21,已备案,详情
皖备2024022418,羟苯磺酸钙胶囊,国药准字 H20247059,上海海虹实业（集团）巢湖今辰药业有限公司,安徽省巢湖市长江东路43号,上海海虹实业（集团）巢湖今辰药业有限公司,安徽省巢湖市长江东路43号,根据国家药监局关于修订羟苯磺酸钙口服制剂说明书的公告（2024年第37号）和关于仿制药质量和疗效一致性评价工作有关事项的公告（2017年第100号）的要求，修订羟苯磺酸钙胶囊（0.5g）说明书及套盒中不良反应、注意事项信息，同时在羟苯磺酸钙胶囊（0.5g）套盒、说明书上增加“一致性评价”标识。,安徽省药品监督管理局,2024-06-21,已备案,详情
Y苏备2024022760,布比卡因,Y20210000134,无,无,江苏恒瑞医药股份有限公司,连云港经济技术开发区大浦工业区金桥路,根据《已上市化学药品药学变更研究技术指导原则（试行）》，申请布比卡因原料药生产场地由“连云港经济技术开发区大浦工业区金桥路604车间布比卡因生产线”变更为“连云港经济技术开发区大浦工业区金桥路637车间布比卡因生产线”。该品种同时发生了生产工艺变更，获得批准或备案完成后方可上市。,江苏省药品监督管理局,2024-06-24,已备案,详情
闽备2024022430,八宝丹胶囊,国药准字Z10940006,厦门中药厂有限公司,厦门市同安区白云大道97号,厦门中药厂有限公司,厦门市同安区白云大道97号,八宝丹胶囊申请增加体外培育牛黄说明书备案，标签按规定修订。,福建省药品监督管理局,2024-06-24,已备案,详情
苏备2024017847,葡萄糖注射液,国药准字H20003142,华裕（无锡）制药有限公司,无锡市马山梅梁路138号生物医药研发服务外包区二期7号楼第2层,华裕（无锡）制药有限公司,江苏省无锡市滨湖区马山梅梁路43号,根据《药品生产许可证》（编号：苏20160072）变更本品药品上市许可持有人注册地址，由“无锡市马山梅梁路43号”变更为“无锡市马山梅梁路138号生物医药研发服务外包区二期7号楼第2层”。,江苏省药品监督管理局,2024-05-17,已备案,详情
冀备2024024122,开塞露（含甘油）,国药准字H20103545,北京京丰制药（河北）有限公司,河北省唐山市丰南区广生东路6号,北京京丰制药（河北）有限公司,河北省唐山市丰南区广生东路6号,"申请本品的原料药供应商增加“浙江省凤凰化工有限公司”。我公司对申报资料的真实性、准确性、完整性负责，并将持续关注变更后产品安全性、有效性和质量可控性,必要时提出补充申请 。",河北省药品监督管理局,2024-06-26,已备案,详情
粤备2024023643,托珠单抗注射液,国药准字S20230003,百奥泰生物制药股份有限公司,广州高新技术产业开发区科学城开源大道11号A6栋第五层,百奥泰生物制药股份有限公司,广州市黄埔区永和经济开发区摇田河大街155号,1. 生产用原料碳酸氢钠质量标准和检测方法变更。2. 制剂辅料聚山梨酯80质量标准变更。,广东省药品监督管理局,2024-06-26,已备案,详情
吉备2024024147,一清颗粒,国药准字Z20044404,吉林特研药业有限公司,吉林市左家镇资源路3号,吉林特研药业有限公司,吉林市左家镇资源路3号,根据《药品注册管理办法》（局令第27号）、《药品说明书和标签管理规定》（国家食品药品监督管理局令24号）及相关规定变更复合膜包装，7.5g×8袋/盒药品标签，样稿如附件所示（附件见吉林省药品监督管理局网站），企业负责标签内容的真实性与合法性。,吉林省药品监督管理局,2024-06-26,已备案,详情
桂备2024023200,盐酸舍曲林片,国药准字H20243683,桂林南药股份有限公司,桂林市七里店路43号,桂林南药股份有限公司,桂林市七里店路43号,本品有效期由“18个月”变更为“24个月”,广西壮族自治区药品监督管理局,2024-06-26,已备案,详情
晋备2024023180,盐酸右美托咪定注射液,H20243953,山西远扬医药科技有限公司,山西综改示范区太原唐槐园区唐槐路86号1幢1-2层,石药银湖制药有限公司,山西省运城市盐湖高新技术产业开发区南风大道11号,申请说明书和标签备案：本品于2024年06月04日取得药品注册证书，为视同通过仿制药一致性评价的药品，现申请在说明书及包装标签上增加“仿制药一致性评价” 标识，并根据本品注册证书（证书编号：2024S01105）附件“盐酸右美托咪定注射液说明书”“盐酸右美托咪定注射液标签”内容进行修订。,山西省药品监督管理局,2024-06-26,已备案,详情
Y浙备2024023218,硝苯地平,国药准字H33021324（Y20190003389）,无,无,万邦德制药集团有限公司,浙江省台州市温岭市石塘镇北沙路18号,原料药硝苯地平生产企业地址名称由“浙江省温岭市上马工业区春晖路西侧北沙路南侧”变更为“浙江省台州市温岭市石塘镇北沙路18号”（实际生产地址不变）。,浙江省药品监督管理局,2024-06-26,已备案,详情
吉备2024023475,缬沙坦氨氯地平片(Ⅰ),国药准字H20243883,长春海悦药业股份有限公司,长春市双阳区长春双阳经济开发区双营大路5555号,长春海悦药业股份有限公司,长春市高新区创举街672号,根据《药品注册管理办法》（局令第27号）、《药品说明书和标签管理规定》（国家食品药品监督管理局令24号）及相关规定变更聚氯乙烯固体药用硬片和药品包装用铝箔包装，6片×1板/盒、6片×2板/盒、6片×3板/盒、6片×4板/盒、7片×1板/盒、7片×2板/盒、7片×3板/盒、7片×4板/盒、8片×1板/盒、8片×2板/盒、8片×3板/盒、8片×4板/盒、9片×1板/盒、9片×2板/盒、9片×3板/盒、9片×4板/盒、10片×1板/盒、10片×2板/盒、10片×3板/盒、10片×4板/盒、12片×1板/盒、12片×2板/盒、12片×3板/盒、12片×4板/盒、13片×1板/盒、13片×2板/盒、13片×3板/盒、13片×4板/盒、14片×1板/盒、14片×2板/盒、14片×3板/盒、14片×4板/盒、15片×1板/盒、15片×2板/盒、15片×3板/盒、15片×4板/盒药品标签，样稿如附件所示（附件见吉林省药品监督管理局网站），企业负责标签内容的真实性与合法性。,吉林省药品监督管理局,2024-06-26,已备案,详情
桂备2024023897,复方鱼腥草片,国药准字Z45021005,广西日田药业集团有限责任公司,广西柳州市柳城县大埔镇河西工业园区富民路一巷6号,广西日田药业集团有限责任公司,广西柳州市柳城县大埔镇河西工业园区富民路一巷6号,说明书、铝箔板、小盒：变更包装标签样式，文字内容不变。,广西壮族自治区药品监督管理局,2024-06-26,已备案,详情
Y川备2024013086,枸橼酸坦度螺酮,Y20190004444,无,无,四川天道制药有限公司,四川省泸州市泸县玉蟾街道酒香大道8号附7号,枸橼酸坦度螺酮有效期由24个月变更为48个月。,四川省药品监督管理局,2024-06-26,已备案,详情
黑备2024023137,小儿咳喘灵颗粒,国药准字Z23020918,哈药集团中药二厂,哈尔滨市道里区机场路243号,哈药集团中药二厂,哈尔滨市道里区机场路243号,依据国家药品监督管理局发布的《国家药监局关于修订壮骨止痛胶囊和小儿咳喘灵制剂说明书的公告(2023年第45号)》要求，对小儿咳喘灵颗粒说明书【警示语】、【不良反应】、【禁忌】及【注意事项】内容进行修订。,黑龙江省药品监督管理局,2024-06-26,已备案,详情
吉备2024024292,黄体酮注射液（II）,国药准字H20244091,长春金赛药业有限责任公司,长春高新开发区天河街72号,吉林省金派格药业有限责任公司,敦化经济开发区工业区,根据《药品注册管理办法》（局令第27号）、《药品说明书和标签管理规定》（国家食品药品监督管理局令24号）及相关规定变更中硼硅管制注射剂瓶、注射液用卤化丁基橡胶塞（溴化），抗生素瓶用铝塑组合盖包装，7瓶/盒药品标签，样稿如附件所示（附件见吉林省药品监督管理局网站），企业负责标签内容的真实性与合法性。,吉林省药品监督管理局,2024-06-26,已备案,详情
鲁备2024023407,单硝酸异山梨酯片,国药准字H20084488,仁和堂药业有限公司,莒南县经济开发区淮海路西首路南,仁和堂药业有限公司,莒南县经济开发区淮海路西首路南,申请在说明书和标签上增加“通过一致性评价”标识。,山东省药品监督管理局,2024-06-26,已备案,详情
浙备2024018210,注射用阿洛西林钠,国药准字H10960152,浙江金华康恩贝生物制药有限公司,浙江省金华市金衢路288号,浙江金华康恩贝生物制药有限公司,浙江省金华市金衢路288号,根据国家药品监督管理局药品补充申请批准通知书（编号：2024B01621）要求：对本品说明书中【执行标准】、【有效期】项进行修订，执行标准由“《中国药典》2020年版二部”变更为“YBH06832024”，有效期由“36个月”变更为“24个月”。,浙江省药品监督管理局,2024-05-21,已备案,详情
桂备2024018485,明目地黄丸,国药准字Z45020463,广西梧州三鹤药业股份有限公司,梧州市富民二路28号,广西梧州三鹤药业股份有限公司,梧州市富民二路28号,"1、在说明书和纸盒上增加“中华老字号”标识。
2、在纸盒背面上增加“药品上市许可持有人”项，详细内容如下：
【药品上市许可持有人】
名称：广西梧州三鹤药业股份有限公司
地址：梧州市富民二路28号
3、在纸盒背面增加“生产企业”项，其内容如下：
【生产企业】广西梧州三鹤药业股份有限公司
4、删除纸盒背面的“E-mail:3he@3he.com.cn”的字样和“广西梧州三鹤药业股份有限公司”的图标。
5、将纸盒上的“中国药品电子监管码”字样修改为“药品追溯码 支付宝扫一扫”。",广西壮族自治区药品监督管理局,2024-05-21,已备案,详情
蒙备2024019184,艾附暖宫丸,国药准字Z15020490,内蒙古九郡药业有限责任公司,内蒙古自治区巴彦淖尔市五原县隆兴昌镇团结路,内蒙古九郡药业有限责任公司,内蒙古自治区巴彦淖尔市五原县隆兴昌镇团结路,"1.申请艾附暖宫丸生产地址名称表述变更，由“内蒙古五原县隆兴昌镇团结路”变更为“内蒙古自治区巴彦淖尔市五原县隆兴昌镇团结路”。
2.申请艾附暖宫丸“药品包装用铝箔和聚氯乙烯固体药用硬片泡罩包装，9g/丸×10丸/板×1板/盒”包装规格的说明书、包装标签的重新备案。具体变更内容如下：
艾附暖宫丸药品说明书、包装标签【上市许可持有人/生产企业】项下生产地址由“内蒙古五原县隆兴昌镇团结路”变更为“内蒙古自治区巴彦淖尔市五原县隆兴昌镇团结路”。
艾附暖宫丸内标签“【产品批号】”变更为“【产品批号】见边缘处”，“【有效期】36个月”变更为“【有效期至】见边缘处”。
规范艾附暖宫丸药品说明书中的内容：【包装】项下“药用铝塑包装”修订为“药品包装用铝箔和聚氯乙烯固体药用硬片泡罩包装”；“9克×10丸/盒”修订为“每丸重9克，每板装10丸，每盒装1板”；
【执行标准】修订为“《中国药典》2020年版一部”；其余内容皆按照相关法规要求，重新进行设计。申请人对申报资料的真实性、准确性、完整性、规范性负责。",内蒙古自治区药品监督管理局,2024-05-22,已备案,详情
豫备2024018655,安宫牛黄丸,国药准字Z41020091,爱民药业集团股份有限公司,河南省新蔡县周潢路102号,爱民药业集团股份有限公司,河南省新蔡县周潢路102号,"申请在国家药品监督管理局网站上增加“药品上市许可持有人和上市许可持有人地址”信息，具体如下：
上市许可持有人：爱民药业集团股份有限公司
上市许可持有人地址：河南省新蔡县周潢路102号",河南省药品监督管理局,2024-05-22,已备案,详情
京备2024017086,氨氯地平氯沙坦钾片（I）,国药准字H20223024,北京韩美药品有限公司,北京市顺义区天竺空港工业区A区天柱西路10号,北京韩美药品有限公司,北京市顺义区天竺空港工业区A区天柱西路10号,在口服固体制剂车间片剂生产线新增一台压片机（型号：S500），调整了氨氯地平氯沙坦钾片(I)使用此压片机时的压片参数并缩短了压片工艺中间过程控制项目记录/检查间隔时间。,北京市药品监督管理局,2024-05-22,已备案,详情
黑备2024006449,蛤蚧定喘丸,国药准字Z23020840,黑龙江珍宝岛药业股份有限公司,黑龙江省鸡西市虎林市虎林镇红星街72号,哈尔滨珍宝制药有限公司,哈尔滨开发区哈平路集中区烟台一路8号,长期未生产，申请恢复生产。,黑龙江省药品监督管理局,2024-05-22,已备案,详情
桂备2024018750,元胡止痛片,国药准字Z45021502,九华华源药业（桂林）有限公司,桂林市临桂区临桂镇秧塘工业园2号标准厂房第三层,九华华源药业（桂林）有限公司,广西柳州市柳太路9号,一、说明书【不良反应】、【禁忌】、【注意事项】修订为： 【不良反应】 监测数据显示，元胡止痛制剂可见以下不良反应报告：恶心、呕吐、口干、腹痛、腹泻、腹胀、腹部不适、嗳气、皮疹、瘙痒、潮红、红斑、荨麻疹、多汗、头晕、头痛、嗜睡、失眠、胸部不适、乏力、发热、心悸、呼吸困难、过敏反应等，有肝功能异常、过敏性休克个例报告。 【禁忌】 1.孕妇忌服。 2.严重肝肾功能不全者禁用。 3.对本品及所含成份过敏者禁用。 【注意事项】 1.饮食宜清淡，忌酒及辛辣、生冷、油腻食物。 2.忌愤怒、忧郁，保持心情舒畅。 3.本品不宜用于虚证痛经，其表现为经期或经后小腹隐痛喜按，月经质稀或色淡，伴有头晕目花，心悸气短等症者。 4.按照用法用量服用，不建议长期服用。服药中如出现皮疹，胸闷，憋气等过敏症状，或者其他严重不良反应，应当立即停药并就医。 5.重度痛经者或服药后痛经不减轻，应当去医院就诊。 6.痛经并伴有其他妇科疾病者，应当去医院就诊。 7.高血压、心脏病、肝病、糖尿病、肾病等患者应当在医师指导下服用。 8.哺乳期妇女、年老体弱者应当在医师指导下服用。 9.肝、肾功能不全者慎用；确需使用，应当在医生指导下使用并定期进行肝肾功能监测。 10.使用本品时不宜再合并用其他非甾体类镇痛药，如确需使用，应当加强监测。 11.对于有出血倾向或使用抗凝、抗血小板治疗的患者，在医生指导下使用，并注意监测。 12.服药 3 天症状无缓解，应当去医院就诊。 13.目前尚无儿童用药的临床证据。 14.过敏体质者慎用。 15.本品性状发生改变时禁止使用。 16.请将本品放在儿童不能接触的地方。 17.如正在使用其他药品，使用本品前请咨询医师或药师。 二、小盒标签【不良反应】、【禁忌】、【注意事项】修订为： 【不良反应】 监测数据显示，元胡止痛制剂可见以下不良反应报告：恶心、呕吐、口干、腹痛、腹泻、腹胀、腹部不适、嗳气、皮疹、瘙痒、潮红、红斑、荨麻疹、多汗、头晕、头痛、嗜睡、失眠、胸部不适、乏力、发热、心悸、呼吸困难、过敏反应等，有肝功能异常、过敏性休克个例报告。 【禁忌】 1.孕妇忌服。2.严重肝肾功能不全者禁用。3.对本品及所含成份过敏者禁用。 【注意事项】 详见说明书。 三、说明书、小盒标签【药品上市许可持有人】、【生产企业】修订为： 【药品上市许可持有人】 名称：九华华源药业（桂林）有限公司 地址：桂林市临桂区临桂镇秧塘工业园2号标准厂房第三层 邮政编码：541199 电话号码：0773-5589395 网址：http://www.jhhygl.com 【生产企业】 企业名称：九华华源药业（桂林）有限公司 生产地址：广西柳州市柳太路9号 四、其余内容未做修改。,广西壮族自治区药品监督管理局,2024-05-23,已备案,详情
沪备2024021287,乙型肝炎人免疫球蛋白,国药准字S20033055,诺一生物医药股份有限公司,上海市闵行区昆阳路1508号第2幢11层1108室,诺一生物医药股份有限公司,中国（上海）自由贸易试验区南洋泾路518号,因药品生产许可证变更，更新药品注册批准文件载明的生产企业名称或地址。,上海市药品监督管理局,2024-05-29,已备案,详情
陕备2024018467,醋氯芬酸肠溶胶囊,国药准字H20031250,陕西开元制药有限公司,陕西省西安市高新区西部大道68号,陕西开元制药有限公司,陕西省西安市高新区西部大道68号,"依据国家药监局《药品说明书适老化及无障碍改革试点工作方案》及《陕西省药品监督管理局关于开展药品说明书适老化及无障碍改革试点品种备案工作的通知》要求，按照《药品说明书（简化版）及药品说明书（大字版）编写指南》，将醋氯芬酸肠溶胶囊的药品说明书设计为“纸质药品说明书（完整版）+电子药品说明书”的格式，并在醋氯芬酸肠溶胶囊的包装盒上增加电子药品说明书二维码，内容如下：
在醋氯芬酸肠溶胶囊的包装盒上设计印制药品说明书二维码的地方，并在印制的说明书二维码底下标注“说明书二维码”；用微信扫描二维码，可查看主页面展示的醋氯芬酸肠溶胶囊说明书（简化版）内容，点击“完整版电子说明书”，可查看电子药品说明书（完整版）内容，同纸质版说明书内容。",陕西省药品监督管理局,2024-05-30,已备案,详情
浙备2024020597,硫酸氢氯吡格雷片,国药准字H20243288,宁波美诺华天康药业有限公司,浙江省宁波市北仑区大榭街道滨海西路85号,宁波美诺华天康药业有限公司,浙江省宁波市北仑区大榭街道滨海西路85号,1、药品上市许可持有人地址由“宁波大榭开发区滨海西路85号”变更为“浙江省宁波市北仑区大榭街道滨海西路85号”，实际药品上市许可持有人地址未变，并对说明书和标签进行相应修订；2、生产企业地址由“宁波市大榭开发区滨海西路85号”变更为“浙江省宁波市北仑区大榭街道滨海西路85号”，实际生产地址未变，并对工艺信息表、说明书和标签进行相应修订。,浙江省药品监督管理局,2024-05-31,已备案,详情
苏备2024020651,舒更葡糖钠注射液,国药准字H20243562,上海汇伦江苏药业有限公司,泰州市健康大道801号28幢,苏州天马医药集团天吉生物制药有限公司,苏州市吴中区木渎镇花苑东路199号,1、根据国家局《关于“通过一致性评价”标识使用有关事宜的说明》，在舒更葡糖钠注射液说明书、标签上增加“仿制药一致性评价”标识。2、根据舒更葡糖钠注射液质量标准制定了稳定性考察方案，稳定性结果符合方案要求，现将本品有效期由“18个月”变更为“24个月”。,江苏省药品监督管理局,2024-05-31,已备案,详情
川备2024011197,葡萄糖注射液,国药准字H51020636,四川科伦药业股份有限公司,成都市新都卫星城工业开发区南二路,四川科伦药业股份有限公司,四川省广安市岳池县工业园区,备案第6.7项：增加包装材料供应商，增加塑料输液容器用聚丙烯组合盖供应商：增加苏州创扬新材料科技股份有限公司塑料输液容器用聚丙烯组合盖（双折翼式）（登记号：B20180000399，登记状态：A）。,四川省药品监督管理局,2024-06-04,已备案,详情
吉备2024021113,乌鸡白凤丸,国药准字Z22024340,吉林省抚松制药股份有限公司,吉林省抚松县抚松镇松山街375号,吉林省抚松制药股份有限公司,吉林省抚松县抚松镇松山街375号,因药品生产许可证变更，更新药品注册批准文件载明的生产企业名称或地址。生产企业地址由抚松县抚松镇松山街375号变更为吉林省抚松县抚松镇松山街375号,吉林省药品监督管理局,2024-06-04,已备案,详情
粤备2024021521,替硝唑氯化钠注射液,国药准字H20066955,东莞市普济药业有限公司,东莞市高埗镇三塘东路388号,东莞市普济药业有限公司,东莞市高埗镇三塘东路388号,根据《国家药监局关于修订替硝唑注射剂说明书的公告》（2024年第31号）规定修订说明书中【增加黑框警告】、【不良反应】、【禁忌】、【注意事项】、【药物相互作用】、【药物过量】项内容。,广东省药品监督管理局,2024-06-06,已备案,详情
浙备2024021492,伏罗尼布片,国药准字H20230013,贝达药业股份有限公司,浙江省杭州市临平区经济技术开发区兴中路355号,贝达药业股份有限公司,浙江省杭州市临平区经济技术开发区五洲路24号,《药品注册证书》的上市许可持有人地址由“浙江省杭州市余杭经济技术开发区兴中路355号”变更为“浙江省杭州市临平区经济技术开发区兴中路355号”，生产企业地址由“浙江省杭州市余杭经济技术开发区五洲路24号”变更为“浙江省杭州市临平区经济技术开发区五洲路24号”，并对说明书和包装标签进行同步修订。,浙江省药品监督管理局,2024-06-06,已备案,详情
沪备2024022249,盐酸氨溴索片,国药准字H20103042,上海市闵行区紫东路176号,上海市闵行区紫东路176号,上海衡山药业有限公司,上海市闵行区紫东路176号,因药品生产许可证变更，更新药品注册批准文件载明的生产企业名称或地址。生产企业地址由上海市闵行区江川路3777号变更为上海市闵行区紫东路176号,上海市药品监督管理局,2024-06-06,已备案,详情
苏备2024021501,利培酮口崩片,国药准字H20080286,常州四药制药有限公司,江苏省常州市南郊梅龙坝,常州四药制药有限公司,江苏省常州市中吴大道567号,本品根据国家局《关于“通过一致性评价”标识使用有关事宜的说明》，在说明书标签中增加“仿制药一致性评价”标识。,江苏省药品监督管理局,2024-06-06,已备案,详情
陕备2024019701,生脉颗粒（党参方）,国药准字Z61020981,西安科力药业有限公司,西安沣京工业园沣京一路1号,西安科力药业有限公司,西安沣京工业园沣京一路1号,将生脉颗粒药品说明书设计为“纸质药品说明书（简化版+电子药品说明书（完整版）”格式，并在其药品说明书及包装盒上增加电子药品说明书二维码。包装标签及说明书进行统一修订。本次修订除以上描述外，其它均不变。,陕西省药品监督管理局,2024-06-07,已备案,详情
琼备2024021739,左氧氟沙星片,国药准字H20223782,海南涛生医药科技研究院有限公司,海南省海口市秀英区南海大道266号国家高新区创业孵化中心生物医药协同众创空间3楼A2室,南京海纳制药有限公司,南京市江北新区科创大道18号,根据总局《关于仿制药质量和疗效一致性评价工作有关事项的公告》（2017年第100号）的相关要求， 左氧氟沙星片药品标签上增加“通过一致性评价”的标识。,海南省药品监督管理局,2024-06-07,已备案,详情
琼备2024021472,氟马西尼注射液,国药准字H20183487 国药准字H20183488 国药准字H20183489,海南美兰史克制药有限公司,海口市南海大道168号海口保税区6号路,海南灵康制药有限公司,海南省海口国家高新技术产业开发区药谷工业园药谷二横路16号,根据《总局关于仿制药质量和疗效一致性评价工作有关事项的公告》（2017年第100号）要求，在氟马西尼注射液【规格：（1）2ml：0.2mg（2）5ml：0.5mg（3）10ml：1.0mg】说明书及标签中增加“通过一致性评价”标识。,海南省药品监督管理局,2024-06-07,已备案,详情
青备2024020935,降糖通脉胶囊,国药准字Z20025125,青海鲁抗大地药业有限公司,青海生物科技产业园经二路22号,青海鲁抗大地药业有限公司,青海生物科技产业园经二路22号,省级药品监督管理部门备案事项之9.4、11：依据“国家药品标准（修订）颁布件（批件号：ZGB2023-36）”要求，变更药品注册标准以及根据说明书内容变更标签相应内容，【规格】变更为：每粒装0.35g（相当于饮片1.6g）;【执行标准】变更为：国家药品监督管理局国家药品标准；标准编号：WS-10116(ZD-0116)-2002-2011Z-2023。,青海省药品监督管理局,2024-06-07,已备案,详情
蒙备2024021764,银翘解毒丸,国药准字Z15020026,内蒙古九郡药业有限责任公司,内蒙古自治区巴彦淖尔市五原县隆兴昌镇团结路,内蒙古九郡药业有限责任公司,内蒙古自治区巴彦淖尔市五原县隆兴昌镇团结路,"1.申请银翘解毒丸生产地址名称表述变更，由“内蒙古五原县隆兴昌镇团结路”变更为“内蒙古自治区巴彦淖尔市五原县隆兴昌镇团结路”。
2.申请银翘解毒丸“药品包装用铝箔和聚氯乙烯固体药用硬片泡罩包装，9g/丸×10丸/板×1板/盒”包装规格的说明书、包装标签的重新备案。具体变更内容如下：
银翘解毒丸药品说明书、包装标签【上市许可持有人/生产企业】项下生产地址由“内蒙古五原县隆兴昌镇团结路”变更为“内蒙古自治区巴彦淖尔市五原县隆兴昌镇团结路”。
银翘解毒丸内标签“【产品批号】”变更为“【产品批号】见边缘处”，“【有效期】36个月”变更为“【有效期至】见边缘处”。
规范银翘解毒丸药品说明书、包装标签中的内容：【包装】项下“药用铝塑包装”修订为“药品包装用铝箔和聚氯乙烯固体药用硬片泡罩包装”；“9克×10丸/盒”修订为“每丸重9克，每板装10丸，每盒装1板”；
其余内容皆按照相关法规要求，重新进行设计。",内蒙古自治区药品监督管理局,2024-06-12,已备案,详情
陕备2024016924,鼻血止颗粒,国药准字Z20026701,西安正大制药有限公司,陕西省西安市雁塔区西影路51号,西安正大制药有限公司,陕西省西安市雁塔区西影路51号,根据再注册批准意见，现申请恢复生产。,陕西省药品监督管理局,2024-06-12,已备案,详情
苏备2024021760,注射用帕米膦酸二钠,国药准字H20067212,南京新百药业有限公司,南京经济技术开发区新港大道68号,南京新百药业有限公司,南京经济技术开发区新港大道68号,根据《已上市化学药品药学变更研究技术指导原则（试行）》，本品原料药“帕米膦酸二钠”的供应商在“四川天道制药有限公司”的基础上增加“成都天台山制药有限公司”；批量由“4.6万支/批”变更为“2.3万支/批”，不涉及工艺参数变更；包装材料由“低硼硅玻璃管制注射剂瓶”变更为“中硼硅玻璃管制注射剂瓶”，供应商由“江苏潮华玻璃制品有限公司”变更为“重庆正川永成医药材料有限公司”，有效期24个月。,江苏省药品监督管理局,2024-06-12,已备案,详情
沪备2024013841,碘海醇注射液,国药准字H20000592,通用电气药业（上海）有限公司,中国（上海）自由贸易试验区牛顿路1号,通用电气药业（上海）有限公司,中国（上海）自由贸易试验区牛顿路1号,根据本品同品种不同规格的参比制剂最新版说明书，变更本品药品说明书【不良反应】和【注意事项】项下内容.,上海市药品监督管理局,2024-06-14,已备案,详情
浙备2024022117,注射用维库溴铵,国药准字H19991172,浙江仙琚制药股份有限公司,浙江省台州市仙居县仙药路1号,浙江仙琚制药股份有限公司,浙江省台州市仙居县福应街道现代工业集聚区兴业路6号,有效期由“18个月”变更为“24个月”，同时对说明书和药品注册标准进行相应修订。,浙江省药品监督管理局,2024-06-14,已备案,详情
滇备2024022301,清热止痒洗剂,国药准字B20020915,云南优克制药公司,云南省昆明市官渡区兔耳关响水村,云南优克制药公司,云南省昆明市官渡区兔耳关响水村,一、将清热止痒洗剂（每瓶装150毫升）原药品说明书和包装标签中的“规格”、“不良反应”、“禁忌”及“注意事项”内容进行变更。即【规格】变更为：每1毫升相当于饮片0.2克；【不良反应】变更为：监测数据显示，本品可见以下不良反应报告：外阴皮疹、红肿，外阴或阴道瘙痒、烧灼感、疼痛等。【禁忌】变更为： 1.孕妇、经期妇女禁用。 2.酒精过敏者禁用。 3.对本品及所含成份过敏者禁用。 【注意事项】变更为： 1.本品为外用药，禁止内服。 2.忌食辛辣、生冷、油腻食物。 3.切勿接触眼睛、口腔等黏膜处。皮肤破溃处禁用。 4.治疗期间忌房事，配偶如有感染应同时治疗。 5.未婚或绝经后患者，应在医师指导下使用。 6.外阴白色病变、糖尿病所致的瘙痒不宜使用。 7.带下伴血性分泌物，或伴有尿频、尿急、尿痛者，应去医院就诊。 8.用药7天症状无缓解，应去医院就诊。 9.过敏体质者慎用。 10.本品性状发生改变时禁止使用。 11.请将本品放在儿童不能接触的地方。 12.如正在使用其他药品，使用本品前请咨询医师或药师。二、 将原药品说明书和包装标签中“包装”项内容变更为：[包装]塑料瓶装，每瓶装150毫升。,云南省药品监督管理局,2024-06-14,已备案,详情
黑备2024022917,杞菊润目颗粒,国药准字B20020791,哈尔滨强视医药科技有限公司,哈尔滨市经开区哈平路集中区征仪南路9号院内1号楼2层,哈尔滨一洲制药有限公司,哈尔滨经济技术开发区哈南工业新城A区祥云路1号,因药品生产许可证变更，更新药品注册批准文件载明的生产企业名称或地址。生产企业名称由哈药集团世一堂制药厂变更为哈尔滨一洲制药有限公司;生产企业地址由哈尔滨市道里区达康路18号变更为哈尔滨经济技术开发区哈南工业新城A区祥云路1号,黑龙江省药品监督管理局,2024-06-17,已备案,详情
黔备2024022079,咽康含片,国药准字Z20027272,贵州科辉制药有限责任公司,贵州省贵阳市云岩区巫峰路141号,贵州科辉制药有限责任公司,贵州省贵阳市云岩区巫峰路141号,修订咽康说明书和标签中安全性相关内容。,贵州省药品监督管理局,2024-06-17,已备案,详情
陕备2024022762,脉管复康胶囊,国药准字Z20050719,陕西东泰制药有限公司,陕西省咸阳市秦都区四号公路1号,陕西东泰制药有限公司,陕西省咸阳市秦都区四号公路1号,依据国家药监局《药品说明书适老化及无障碍改革试点工作方案》及《陕西省药品监督管理局关于开展药品说明书适老化及无障碍改革试点品种备案工作的通知》要求，将脉管复康胶囊药品说明书设计为“纸质药品说明书（完整版）+电子药品说明书（完整版）”格式，并在其药品说明书上增加电子药品说明书二维码。,陕西省药品监督管理局,2024-06-18,已备案,详情
浙备2024022535,利伐沙班片,国药准字H20233589,浙江诺得药业有限公司,浙江省台州市黄岩区江口街道鑫源路8号,浙江诺得药业有限公司,浙江省台州市黄岩区江口街道鑫源路8号,本品有效期由“24个月”变更为“36个月”，并对本品说明书进行修订。,浙江省药品监督管理局,2024-06-19,已备案,详情
渝备2024022460,氯化钠注射液,国药准字H50021387,天圣制药集团股份有限公司,重庆市朝阳工业园区（垫江桂溪）,天圣制药集团股份有限公司,重庆市朝阳工业园区（垫江桂溪）,增加海安县健民橡塑有限公司为氯化钠注射液（500ml：4.5g）多层共挤输液袋用聚丙烯双口管接口和塑料输液容器用聚丙烯易折式组合盖的包材供应商。,重庆市药品监督管理局,2024-06-20,已备案,详情
粤备2024011566,强筋健骨丸,国药准字Z44021758,广州白云山和记黄埔中药有限公司,广州市白云区沙太北路389号,广州白云山和记黄埔中药有限公司,广州市沙太北路389号,根据强筋健骨丸药品再注册批件（批件号：2020R002035）的要求，本品恢复生产上市。,广东省药品监督管理局,2024-06-20,已备案,详情
蒙备2024023286,养阴清肺口服液,国药准字Z10890016,呼伦贝尔松鹿制药有限公司,内蒙古自治区呼伦贝尔市扎兰屯市向民街1号,安徽永生堂药业有限责任公司,安徽省阜阳市临泉县永生路6号,申请增加养阴清肺口服液“聚酯/铝/聚酯/聚乙烯口服液体药用灭菌型复合膜袋包装；10ml/袋×16袋/盒”包装规格的说明书、标签包装备案。申请人对申报资料的真实性、准确性、完整性、规范性负责。,内蒙古自治区药品监督管理局,2024-06-25,已备案,详情
鲁备2024023257,骨化三醇软胶囊,国药准字H20030491,正大制药（青岛）有限公司,青岛经济技术开发区团结路3601号,正大制药（青岛）有限公司,青岛经济技术开发区团结路3601号,本品有效期由“24个月”变更为“36个月”。说明书和标签有效期项进行相应修订。,山东省药品监督管理局,2024-06-26,已备案,详情
辽备2024024430,右旋糖酐铁片,国药准字H21020660,远大生命科学（鞍山）有限公司,辽宁省鞍山市海城市腾鳌经济开发区西一马路1号,蓬莱诺康药业有限公司,山东省蓬莱市金创路118号,因药品生产许可证变更，更新药品注册批准文件载明的生产企业名称或地址。,辽宁省药品监督管理局,2024-06-26,已备案,详情
